Season,Squad,PublishedPlayers,TotalWageBill,% Estimated,KnownPlayerWageRecords,KnownPlayerWages,MeanKnownAnnualWage,MedianKnownAnnualWage,HighestKnownAnnualWage,LowestKnownAnnualWage,WageStdDev,Top5KnownWages,PlayerRecordDifference,KnownWageCoveragePct,WageReconciliationDifference,ImpliedUnlistedAnnualWage,ImpliedUnlistedWeeklyWage,HighestToMedianWageRatio,Top5KnownWageShare,ObservedWageRange,LowCoverageFlag,HighCoverageFlag,LargeReconciliationFlag,WageDataFlag
13/14,Manchester City,28,113254000.0,100%,25,112132000.0,4485280.0,4420000.0,9880000.0,390000.0,2483517.7927018497,41080000.0,3,99.0093065145602,1122000.0,374000.0,7192.307692307692,2.235294117647059,0.36635393999928656,9490000.0,False,False,False,False
13/14,Chelsea,49,102922000.0,100%,27,97722000.0,3619333.3333333335,3120000.0,9449000.0,104000.0,2758675.3091907115,41169000.0,22,94.94763024426265,5200000.0,236363.63636363635,4545.454545454545,3.028525641025641,0.4212869159452324,9345000.0,False,False,False,False
13/14,Manchester Utd,37,97292000.0,100%,31,97292000.0,3138451.6129032257,3380000.0,9360000.0,52000.0,2342610.037809817,34840000.0,6,100.0,0.0,,,2.769230769230769,0.35809727418492787,9308000.0,False,False,False,False
13/14,Arsenal,41,71994000.0,100%,32,73670800.0,2302212.5,2446500.0,7280000.0,20800.0,1759664.7590819222,26000000.0,9,102.32908297913714,-1676800.0,,,2.9756795422031472,0.3529213745473105,7259200.0,False,False,False,False
13/14,Liverpool,35,65647000.0,100%,26,65666600.0,2525638.4615384615,2054500.0,10400000.0,20800.0,2275645.6638197303,29120000.0,9,100.02985665757764,-19600.0,,,5.062058895108299,0.44345222685505264,10379200.0,False,False,False,False
13/14,Everton,35,52840000.0,100%,28,43340800.0,1547885.7142857143,1352000.0,6240000.0,20800.0,1325159.6615794073,17680000.0,7,82.0227100681302,9499200.0,1357028.5714285714,26096.703296703294,4.615384615384615,0.4079297105729474,6219200.0,True,False,True,True
13/14,Tottenham,42,51251000.0,100%,31,55652600.0,1795245.1612903227,1685000.0,5460000.0,20800.0,1607780.4308712292,22100000.0,11,108.588320227898,-4401600.0,,,3.2403560830860534,0.3971063346546253,5439200.0,False,True,False,True
13/14,West Ham,45,47267000.0,100%,38,47288600.0,1244436.8421052631,1170000.0,4834000.0,20800.0,1143754.3233227525,16794000.0,7,100.04569784416188,-21600.0,,,4.131623931623932,0.3551384477442766,4813200.0,False,False,False,False
13/14,Sunderland,39,41565000.0,100%,25,40005000.0,1600200.0,1820000.0,3120000.0,26000.0,865935.2362234334,13364000.0,14,96.24684229520028,1560000.0,111428.57142857143,2142.857142857143,1.7142857142857142,0.33405824271966006,3094000.0,False,False,False,False
13/14,Newcastle,37,36448000.0,100%,25,34115600.0,1364624.0,1300000.0,4160000.0,20800.0,1065836.5405007778,13945000.0,12,93.60074626865672,2332400.0,194366.66666666666,3737.8205128205127,3.2,0.4087572840577331,4139200.0,False,False,False,False
13/14,West Brom,33,34543000.0,100%,28,34543000.0,1233678.5714285714,1105000.0,3328000.0,39000.0,892389.8439571597,13295000.0,5,100.0,0.0,,,3.011764705882353,0.3848826100801899,3289000.0,False,False,False,False
13/14,Stoke City,33,33927000.0,100%,27,33927000.0,1256555.5555555555,1300000.0,2340000.0,39000.0,692924.4788094395,10790000.0,6,100.0,0.0,,,1.8,0.31803578270993604,2301000.0,False,False,False,False
13/14,Fulham,48,33327000.0,100%,33,26877400.0,814466.6666666666,572000.0,2600000.0,20800.0,815919.545155444,10920000.0,15,80.64752302937558,6449600.0,429973.3333333333,8268.71794871795,4.545454545454546,0.4062892988161057,2579200.0,True,False,True,True
13/14,Aston Villa,36,33046000.0,100%,29,32786000.0,1130551.7241379311,910000.0,3380000.0,78000.0,844803.4254110282,13130000.0,7,99.213217938631,260000.0,37142.857142857145,714.2857142857143,3.7142857142857144,0.4004758128469469,3302000.0,False,False,False,False
13/14,Southampton,35,27906000.0,100%,26,27840400.0,1070784.6153846155,1118000.0,3224000.0,20800.0,899578.1214290654,11700000.0,9,99.76492510571204,65600.0,7288.888888888889,140.17094017094016,2.883720930232558,0.42025258257783654,3203200.0,False,False,False,False
13/14,Cardiff City,42,27872000.0,100%,26,21164000.0,814000.0,754000.0,2600000.0,26000.0,602786.064868789,8892000.0,16,75.93283582089553,6708000.0,419250.0,8062.5,3.4482758620689653,0.4201474201474201,2574000.0,True,False,True,True
13/14,Norwich City,32,27829000.0,100%,28,27851400.0,994692.8571428572,988000.0,2340000.0,20800.0,625465.8198486485,10109000.0,4,100.0804915735384,-22400.0,,,2.3684210526315788,0.36296200550062113,2319200.0,False,False,False,False
13/14,Swansea City,36,21459000.0,100%,29,21459000.0,739965.5172413794,685000.0,1820000.0,39000.0,480174.2602400136,7384000.0,7,100.0,0.0,,,2.656934306569343,0.34409804743930283,1781000.0,False,False,False,False
13/14,Hull City,34,21024000.0,100%,25,19464000.0,778560.0,832000.0,2080000.0,26000.0,491846.0192648374,7436000.0,9,92.57990867579909,1560000.0,173333.33333333334,3333.3333333333335,2.5,0.3820386354295109,2054000.0,False,False,False,False
13/14,Crystal Palace,45,19377000.0,100%,33,18353800.0,556175.7575757576,520000.0,1560000.0,20800.0,424818.6017513115,6240000.0,12,94.71951282448263,1023200.0,85266.66666666667,1639.7435897435898,3.0,0.3399840904880733,1539200.0,False,False,False,False
14/15,Manchester Utd,43,141120000.0,100%,32,136812000.0,4275375.0,3510000.0,14820000.0,104000.0,3865002.6227925844,59280000.0,11,96.94727891156462,4308000.0,391636.36363636365,7531.468531468532,4.222222222222222,0.43329532497149376,14716000.0,False,False,False,False
14/15,Manchester City,36,122296000.0,100%,29,119963600.0,4136675.8620689656,4420000.0,9880000.0,20800.0,2950007.729003818,42120000.0,7,98.09282396807745,2332400.0,333200.0,6407.692307692308,2.235294117647059,0.3511065023056994,9859200.0,False,False,False,False
14/15,Chelsea,38,104644000.0,100%,27,97042800.0,3594177.777777778,4160000.0,9663000.0,20800.0,3055000.713752067,43280000.0,11,92.7361339398341,7601200.0,691018.1818181818,13288.811188811187,2.3228365384615386,0.44598878020832045,9642200.0,False,False,False,False
14/15,Arsenal,42,94677000.0,100%,37,94675400.0,2558794.5945945946,2408000.0,7280000.0,20800.0,2177799.942085532,31460000.0,5,99.998310043622,1600.0,320.0,6.153846153846154,3.0232558139534884,0.3322932884360668,7259200.0,False,False,False,False
14/15,Liverpool,35,82030000.0,100%,29,81250000.0,2801724.1379310344,2600000.0,7280000.0,78000.0,1923255.1813555155,29120000.0,6,99.04912836767036,780000.0,130000.0,2500.0,2.8,0.3584,7202000.0,False,False,False,False
14/15,Tottenham,43,65790000.0,100%,33,69274000.0,2099212.121212121,2002000.0,5460000.0,26000.0,1373702.7234261732,22360000.0,10,105.29563763489892,-3484000.0,,,2.727272727272727,0.3227762219591766,5434000.0,False,True,False,True
14/15,Everton,40,50455000.0,100%,35,47628600.0,1360817.142857143,1300000.0,4160000.0,20800.0,1154313.889792576,16120000.0,5,94.39817659300367,2826400.0,565280.0,10870.76923076923,3.2,0.3384521065074346,4139200.0,False,False,False,False
14/15,West Ham,36,45458000.0,100%,31,44062600.0,1421374.1935483871,1300000.0,7112000.0,20800.0,1374133.8573728888,18032000.0,5,96.93035329314972,1395400.0,279080.0,5366.923076923077,5.470769230769231,0.40923595067018287,7091200.0,False,False,False,False
14/15,QPR,41,45100000.0,100%,30,37674800.0,1255826.6666666667,1040000.0,4160000.0,20800.0,1146878.2236811467,15964000.0,11,83.53614190687362,7425200.0,675018.1818181818,12981.11888111888,4.0,0.4237315128414749,4139200.0,True,False,True,True
14/15,Southampton,37,42557000.0,100%,32,42509800.0,1328431.25,1508000.0,3938000.0,20800.0,1003336.287636757,13922000.0,5,99.88908992645158,47200.0,9440.0,181.53846153846155,2.6114058355437666,0.3275009527214901,3917200.0,False,False,False,False
14/15,Sunderland,35,38626000.0,100%,26,38730000.0,1489615.3846153845,1300000.0,4160000.0,26000.0,940182.7940107425,13988000.0,9,100.26924869259048,-104000.0,,,3.2,0.3611670539633359,4134000.0,False,False,False,False
14/15,Hull City,35,36795000.0,100%,26,25615000.0,985192.3076923077,832000.0,2340000.0,31000.0,604778.1754812764,9620000.0,9,69.61543688001088,11180000.0,1242222.2222222222,23888.88888888889,2.8125,0.37556119461253173,2309000.0,True,False,True,True
14/15,Stoke City,30,36713000.0,100%,25,36729800.0,1469192.0,1560000.0,3380000.0,20800.0,794314.5188987378,12610000.0,5,100.0457603573666,-16800.0,,,2.1666666666666665,0.34331795980375607,3359200.0,False,False,False,False
14/15,West Brom,35,35490000.0,100%,25,32786000.0,1311440.0,1352000.0,2704000.0,26000.0,753292.8868198168,12064000.0,10,92.38095238095238,2704000.0,270400.0,5200.0,2.0,0.3679619349722443,2678000.0,False,False,False,False
14/15,Leicester City,37,33418000.0,100%,32,30844000.0,963875.0,1040000.0,2184000.0,21000.0,631669.2044662046,9464000.0,5,92.2975641869651,2574000.0,514800.0,9900.0,2.1,0.3068343924264038,2163000.0,False,False,False,False
14/15,Aston Villa,38,33119000.0,100%,26,31072600.0,1195100.0,1040000.0,2860000.0,20800.0,827540.4043308096,12558000.0,12,93.8210694767354,2046400.0,170533.33333333334,3279.4871794871797,2.75,0.40415028031127104,2839200.0,False,False,False,False
14/15,Newcastle,42,32733000.0,100%,30,32225800.0,1074193.3333333333,910000.0,3120000.0,20800.0,891283.191937268,11700000.0,12,98.4504933858797,507200.0,42266.666666666664,812.8205128205128,3.4285714285714284,0.3630631357483755,3099200.0,False,False,False,False
14/15,Crystal Palace,43,31704000.0,100%,30,29364000.0,978800.0,1040000.0,2080000.0,26000.0,548060.3037547274,8996000.0,13,92.61922785768357,2340000.0,180000.0,3461.5384615384614,2.0,0.3063615311265495,2054000.0,False,False,False,False
14/15,Swansea City,37,30019000.0,100%,26,21335000.0,820576.9230769231,754000.0,2444000.0,52000.0,667102.4013194331,9407000.0,11,71.07165461874146,8684000.0,789454.5454545454,15181.81818181818,3.2413793103448274,0.4409186782282634,2392000.0,True,False,True,True
14/15,Burnley,30,15581000.0,100%,26,14803800.0,569376.9230769231,637000.0,1040000.0,20800.0,304288.64889468666,4628000.0,4,95.01187343559462,777200.0,194300.0,3736.5384615384614,1.6326530612244898,0.31262243478025914,1019200.0,False,False,False,False
15/16,Manchester City,38,126956000.0,100%,33,126987600.0,3848109.090909091,4160000.0,9880000.0,20800.0,3198641.6320412126,42120000.0,5,100.02489051324868,-31600.0,,,2.375,0.33168592838985855,9859200.0,False,False,False,False
15/16,Manchester Utd,44,124573000.0,100%,39,123284200.0,3161133.3333333335,2340000.0,12480000.0,20800.0,3501399.319770773,49660000.0,5,98.96542589485684,1288800.0,257760.0,4956.923076923077,5.333333333333333,0.40280911909230865,12459200.0,False,False,False,False
15/16,Chelsea,40,99939000.0,100%,29,96314800.0,3321200.0,2600000.0,9286000.0,20800.0,3116222.4549238184,42555000.0,11,96.37358788861205,3624200.0,329472.7272727273,6336.013986013986,3.5715384615384616,0.4418324078957751,9265200.0,False,False,False,False
15/16,Arsenal,41,98190000.0,100%,32,96781400.0,3024418.75,2730000.0,7280000.0,20800.0,2230000.4202860156,33540000.0,9,98.56543436195132,1408600.0,156511.11111111112,3009.82905982906,2.6666666666666665,0.34655419326440823,7259200.0,False,False,False,False
15/16,Liverpool,44,94957000.0,100%,38,90396800.0,2378863.1578947366,2080000.0,7280000.0,20800.0,2107668.2102626874,30160000.0,6,95.19761576292427,4560200.0,760033.3333333334,14616.025641025642,3.5,0.33364012885411876,7259200.0,False,False,False,False
15/16,Everton,39,55323000.0,100%,33,53654000.0,1625878.7878787878,1820000.0,4160000.0,42000.0,1182915.2219616098,17160000.0,6,96.98317155613397,1669000.0,278166.6666666667,5349.358974358975,2.2857142857142856,0.3198270399224662,4118000.0,False,False,False,False
15/16,Tottenham,31,54248000.0,100%,27,53431800.0,1978955.5555555555,1820000.0,4420000.0,20800.0,1298121.663532865,20280000.0,4,98.49542840289043,816200.0,204050.0,3924.0384615384614,2.4285714285714284,0.3795492571839242,4399200.0,False,False,False,False
15/16,Crystal Palace,38,54189000.0,100%,33,52644800.0,1595296.9696969697,1560000.0,4446000.0,20800.0,1057420.782046121,17186000.0,5,97.1503441657901,1544200.0,308840.0,5939.2307692307695,2.85,0.326451995258791,4425200.0,False,False,False,False
15/16,West Ham,50,53333000.0,100%,37,49223200.0,1330356.7567567567,1300000.0,6834000.0,20800.0,1474098.6120602915,20354000.0,13,92.29407683798023,4109800.0,316138.46153846156,6079.585798816568,5.256923076923077,0.4135042012709454,6813200.0,False,False,False,False
15/16,Newcastle,42,49255000.0,100%,31,45630800.0,1471961.2903225806,1820000.0,3120000.0,20800.0,976272.3901580675,14040000.0,11,92.64196528271242,3624200.0,329472.7272727273,6336.013986013986,1.7142857142857142,0.30768691322527764,3099200.0,False,False,False,False
15/16,Sunderland,42,46349000.0,100%,28,44284800.0,1581600.0,1612000.0,4160000.0,20800.0,1018972.1575086227,15080000.0,14,95.54639798053896,2064200.0,147442.85714285713,2835.4395604395604,2.5806451612903225,0.34052315918780257,4139200.0,False,False,False,False
15/16,Southampton,35,42983000.0,100%,27,43362800.0,1606029.6296296297,1820000.0,2860000.0,20800.0,764258.0871038947,12324000.0,8,100.88360514622059,-379800.0,,,1.5714285714285714,0.2842067394171963,2839200.0,False,False,False,False
15/16,Stoke City,31,42158000.0,100%,27,42288000.0,1566222.2222222222,1820000.0,3380000.0,26000.0,859737.0498424475,13520000.0,4,100.3083637743726,-130000.0,,,1.8571428571428572,0.3197124479757851,3354000.0,False,False,False,False
15/16,West Brom,35,41521000.0,100%,29,39780000.0,1371724.1379310344,1456000.0,3120000.0,20800.0,924640.0263481586,13208000.0,6,95.80694106596663,1741000.0,290166.6666666667,5580.128205128205,2.142857142857143,0.33202614379084966,3099200.0,False,False,False,False
15/16,Swansea City,37,40612000.0,100%,29,39676000.0,1368137.9310344828,1560000.0,3640000.0,39000.0,899195.3039141613,13676000.0,8,97.69526248399488,936000.0,117000.0,2250.0,2.3333333333333335,0.34469200524246396,3601000.0,False,False,False,False
15/16,Aston Villa,44,37231000.0,100%,32,33540000.0,1048125.0,1274000.0,2860000.0,20800.0,813500.9705170967,10790000.0,12,90.08621847385243,3691000.0,307583.3333333333,5915.0641025641025,2.2448979591836733,0.32170542635658916,2839200.0,False,False,False,False
15/16,Leicester City,35,36878000.0,100%,25,35224800.0,1408992.0,1300000.0,3640000.0,20800.0,827601.1830988803,12610000.0,10,95.51711047236834,1653200.0,165320.0,3179.230769230769,2.8,0.35798641865958075,3619200.0,False,False,False,False
15/16,Norwich City,41,32656000.0,100%,26,32656000.0,1256000.0,1300000.0,2080000.0,52000.0,483223.5093618688,9802000.0,15,100.0,0.0,,,1.6,0.3001592356687898,2028000.0,False,False,False,False
15/16,Watford,39,29019000.0,100%,26,31099000.0,1196115.3846153845,1040000.0,2496000.0,96000.0,620675.3951574414,10920000.0,13,107.1677177021951,-2080000.0,,,2.4,0.35113669249815105,2400000.0,False,True,False,True
15/16,Bournemouth,50,26453000.0,100%,37,23672600.0,639800.0,624000.0,2882000.0,16000.0,623840.1237496672,9070000.0,13,89.48928287906853,2780400.0,213876.92307692306,4113.0177514792895,4.618589743589744,0.3831433809551971,2866000.0,False,False,False,False
16/17,Manchester Utd,45,157508000.0,100%,39,179847800.0,4611482.051282051,4160000.0,15080000.0,20800.0,4180986.6500417404,63700000.0,6,114.18327957944993,-22339800.0,,,3.625,0.3541883748369455,15059200.0,False,True,False,True
16/17,Manchester City,45,137961000.0,100%,29,128377600.0,4426813.793103448,4940000.0,9880000.0,5000.0,2828040.164864825,42120000.0,16,93.05354411754047,9583400.0,598962.5,11518.509615384615,2.0,0.3280946208684381,9875000.0,False,False,False,False
16/17,Arsenal,44,103365000.0,100%,33,105399000.0,3193909.090909091,2687000.0,7280000.0,52000.0,2137450.4725787863,33540000.0,11,101.96778406617327,-2034000.0,,,2.7093412727949384,0.3182193379443828,7228000.0,False,False,False,False
16/17,Chelsea,52,98614000.0,100%,26,103554000.0,3982846.153846154,3640000.0,11198000.0,260000.0,2885494.2826809785,43371000.0,26,105.00943070963555,-4940000.0,,,3.0763736263736265,0.41882496088997045,10938000.0,False,True,False,True
16/17,Liverpool,39,91686000.0,100%,33,86101600.0,2609139.393939394,2340000.0,7280000.0,20800.0,2075166.1141248716,30160000.0,6,93.90921187531357,5584400.0,930733.3333333334,17898.71794871795,3.111111111111111,0.35028385070660706,7259200.0,False,False,False,False
16/17,Crystal Palace,48,72219000.0,100%,38,72359000.0,1904184.2105263157,1820000.0,6240000.0,21000.0,1529193.0543858064,23166000.0,10,100.19385480275274,-140000.0,,,3.4285714285714284,0.3201536781879241,6219000.0,False,False,False,False
16/17,Tottenham,40,71214000.0,100%,30,75421400.0,2514046.6666666665,2470000.0,5200000.0,20800.0,1552183.9081254764,23140000.0,10,105.90810795630073,-4207400.0,,,2.1052631578947367,0.3068094731733964,5179200.0,False,True,False,True
16/17,Everton,43,67837000.0,100%,27,52029000.0,1927000.0,2080000.0,4160000.0,39000.0,1275788.775620792,18720000.0,16,76.69708271297374,15808000.0,988000.0,19000.0,2.0,0.3597993426742778,4121000.0,True,False,True,True
16/17,Leicester City,32,63701000.0,100%,27,61962800.0,2294918.5185185187,2080000.0,5200000.0,20800.0,1395886.0910759368,23400000.0,5,97.27131442206559,1738200.0,347640.0,6685.384615384615,2.5,0.37764594240415217,5179200.0,False,False,False,False
16/17,Southampton,39,58272000.0,100%,33,60560000.0,1835151.5151515151,1820000.0,4160000.0,52000.0,1151916.8839702618,17940000.0,6,103.92641405820977,-2288000.0,,,2.2857142857142856,0.2962351387054161,4108000.0,False,False,False,False
16/17,West Ham,45,56552000.0,100%,34,52883600.0,1555400.0,1560000.0,4160000.0,20800.0,1143444.5017073846,17420000.0,11,93.51322676474749,3668400.0,333490.9090909091,6413.286713286714,2.6666666666666665,0.32940268816797647,4139200.0,False,False,False,False
16/17,Stoke City,39,51762000.0,100%,33,63233600.0,1916169.696969697,1820000.0,5200000.0,20800.0,1169031.6121914883,20280000.0,6,122.16220393338743,-11471600.0,,,2.857142857142857,0.32071556893803294,5179200.0,False,True,True,True
16/17,Sunderland,43,47762000.0,100%,33,43352800.0,1313721.2121212122,1300000.0,4160000.0,20800.0,979167.5621917247,14664000.0,10,90.76839328336335,4409200.0,440920.0,8479.23076923077,3.2,0.3382480485689506,4139200.0,False,False,False,False
16/17,Hull City,45,42145000.0,100%,33,35489000.0,1075424.2424242424,936000.0,3828000.0,26000.0,898227.7700527521,13245000.0,12,84.20690473365761,6656000.0,554666.6666666666,10666.666666666666,4.089743589743589,0.37321423539688353,3802000.0,True,False,True,True
16/17,Watford,47,41998000.0,100%,34,49202200.0,1447123.5294117648,1300000.0,4836000.0,20800.0,1081733.1525699783,15756000.0,13,117.15367398447545,-7204200.0,,,3.72,0.32022958323001816,4815200.0,False,True,True,True
16/17,West Brom,35,40960000.0,100%,23,37247600.0,1619460.8695652173,1664000.0,3120000.0,20800.0,1031366.2296986682,14664000.0,12,90.9365234375,3712400.0,309366.6666666667,5949.358974358975,1.875,0.393689794778724,3099200.0,False,False,False,False
16/17,Swansea City,40,39728000.0,100%,29,41912000.0,1445241.3793103448,1560000.0,3900000.0,104000.0,926603.0763405352,13780000.0,11,105.49738219895288,-2184000.0,,,2.5,0.32878411910669975,3796000.0,False,True,False,True
16/17,Middlesbrough,37,38868000.0,100%,23,41284000.0,1794956.5217391304,1560000.0,5666000.0,130000.0,1354896.1542984783,18092000.0,14,106.21591026036843,-2416000.0,,,3.632051282051282,0.43823272938668734,5536000.0,False,True,False,True
16/17,Bournemouth,45,35665000.0,100%,35,32680000.0,933714.2857142857,1040000.0,1924000.0,23000.0,575331.3915336392,8268000.0,10,91.63045002102902,2985000.0,298500.0,5740.384615384615,1.85,0.2529987760097919,1901000.0,False,False,False,False
16/17,Burnley,39,24414000.0,100%,22,22880000.0,1040000.0,1040000.0,1820000.0,260000.0,389793.5961750111,7852000.0,17,93.71671991480298,1534000.0,90235.29411764706,1735.294117647059,1.75,0.3431818181818182,1560000.0,False,False,False,False
17/18,Manchester Utd,35,166171000.0,100%,31,134466800.0,4337638.70967742,4160000.0,10400000.0,20800.0,3036842.174548799,46800000.0,4,80.92073827563173,31704200.0,7926050.0,152424.03846153847,2.5,0.34804130090104024,10379200.0,True,False,True,True
17/18,Arsenal,45,158256000.0,100%,35,160856000.0,4595885.714285715,4680000.0,18200000.0,42000.0,4459311.868382363,65628000.0,10,101.64290769386311,-2600000.0,,,3.888888888888889,0.40799224150793256,18158000.0,False,False,False,False
17/18,Manchester City,32,151498000.0,100%,26,128856000.0,4956000.0,4810000.0,9880000.0,104000.0,3108635.3018647907,46020000.0,6,85.05458817938191,22642000.0,3773666.6666666665,72570.51282051281,2.054054054054054,0.35714285714285715,9776000.0,False,False,False,False
17/18,Chelsea,46,121662000.0,100%,29,112021600.0,3862813.793103448,3900000.0,11589000.0,20800.0,3173469.5393127403,45413000.0,17,92.07607963045157,9640400.0,567082.3529411765,10905.429864253394,2.9715384615384615,0.4053950309583152,11568200.0,False,False,False,False
17/18,Liverpool,34,95673000.0,100%,25,76292800.0,3051712.0,3120000.0,7280000.0,20800.0,2078247.7732294898,29640000.0,9,79.74329225591336,19380200.0,2153355.5555555555,41410.68376068376,2.3333333333333335,0.3885032401484806,7259200.0,True,False,True,True
17/18,Everton,48,85440000.0,100%,35,64833800.0,1852394.2857142857,1430000.0,6240000.0,20800.0,1691003.810818202,22620000.0,13,75.88225655430712,20606200.0,1585092.3076923077,30482.544378698225,4.363636363636363,0.3488920902368826,6219200.0,True,False,True,True
17/18,Tottenham,34,80298000.0,100%,28,76777800.0,2742064.285714286,3120000.0,5200000.0,20800.0,1620341.851497481,23616000.0,6,95.61608010162146,3520200.0,586700.0,11282.692307692309,1.6666666666666667,0.3075889124199964,5179200.0,False,False,False,False
17/18,West Ham,41,69533000.0,100%,34,67871800.0,1996229.4117647058,1690000.0,6026000.0,20800.0,1760433.4542911644,24519000.0,7,97.61091855665656,1661200.0,237314.2857142857,4563.736263736264,3.565680473372781,0.36125460058522096,6005200.0,False,False,False,False
17/18,Southampton,29,68073000.0,100%,24,66632800.0,2776366.6666666665,3120000.0,9360000.0,20800.0,1882929.491548987,25220000.0,5,97.88433005743833,1440200.0,288040.0,5539.2307692307695,3.0,0.37849227407523023,9339200.0,False,False,False,False
17/18,Crystal Palace,41,68041000.0,100%,32,67487600.0,2108987.5,1820000.0,6240000.0,20800.0,1540571.0134818985,24206000.0,9,99.18666686262695,553400.0,61488.88888888889,1182.4786324786326,3.4285714285714284,0.35867329702048967,6219200.0,False,False,False,False
17/18,Leicester City,34,64107000.0,100%,32,65875000.0,2058593.75,2080000.0,5200000.0,26000.0,1442210.5089818689,22880000.0,2,102.75788915407054,-1768000.0,,,2.5,0.34732447817836815,5174000.0,False,False,False,False
17/18,West Brom,33,59054000.0,100%,28,58175600.0,2077700.0,2340000.0,6760000.0,20800.0,1586859.5022874584,20645000.0,5,98.5125478375724,878400.0,175680.0,3378.4615384615386,2.888888888888889,0.35487386464428383,6739200.0,False,False,False,False
17/18,Stoke City,35,49052000.0,100%,26,50627800.0,1947223.076923077,1820000.0,4160000.0,20800.0,1106602.9666714957,17680000.0,9,103.21250917393787,-1575800.0,,,2.2857142857142856,0.3492152532798186,4139200.0,False,False,False,False
17/18,Swansea City,37,47773000.0,100%,27,40597000.0,1503592.5925925926,1664000.0,4680000.0,26000.0,1031218.9299472158,14820000.0,10,84.97896301258034,7176000.0,717600.0,13800.0,2.8125,0.3650516047983841,4654000.0,True,False,True,True
17/18,Watford,37,46476000.0,100%,31,48566800.0,1566670.9677419355,1300000.0,4442000.0,20800.0,1074171.7597583572,17155000.0,6,104.49866597813926,-2090800.0,,,3.416923076923077,0.3532248367197345,4421200.0,False,False,False,False
17/18,Bournemouth,37,43061000.0,100%,31,42853000.0,1382354.8387096773,1404000.0,3640000.0,26000.0,907671.4731805811,13520000.0,6,99.516964306449,208000.0,34666.666666666664,666.6666666666666,2.5925925925925926,0.3154971647259235,3614000.0,False,False,False,False
17/18,Newcastle,37,42219000.0,100%,23,34684000.0,1508000.0,1560000.0,2340000.0,624000.0,520472.5125918145,10816000.0,14,82.15258532888036,7535000.0,538214.2857142857,10350.274725274725,1.5,0.3118440779610195,1716000.0,True,False,True,True
17/18,Brighton,43,39909000.0,100%,33,40704800.0,1233478.7878787878,1300000.0,2340000.0,20800.0,665200.469669471,10660000.0,10,101.9940364328848,-795800.0,,,1.8,0.2618855761482675,2319200.0,False,False,False,False
17/18,Burnley,30,32557000.0,100%,25,31928000.0,1277120.0,1300000.0,2340000.0,52000.0,602098.8512417764,9620000.0,5,98.06800380870473,629000.0,125800.0,2419.230769230769,1.8,0.30130293159609123,2288000.0,False,False,False,False
17/18,Huddersfield,36,25607000.0,100%,25,25607000.0,1024280.0,916000.0,2600000.0,26000.0,590328.0528655233,9360000.0,11,100.0,0.0,,,2.8384279475982535,0.36552505174366384,2574000.0,False,False,False,False
18/19,Chelsea,103,157507000.0,100%,37,163487000.0,4418567.567567567,4160000.0,15777000.0,94000.0,3727173.0018320307,54992000.0,66,103.79665665652955,-5980000.0,,,3.792548076923077,0.33636925260112427,15683000.0,False,False,False,False
18/19,Manchester Utd,86,151325000.0,100%,31,151325000.0,4881451.612903226,4160000.0,18200000.0,5000.0,4239594.161699205,61360000.0,55,100.0,0.0,,,4.375,0.40548488352882867,18195000.0,False,False,False,False
18/19,Manchester City,96,150611000.0,100%,33,153211000.0,4642757.575757576,5200000.0,11967000.0,5000.0,3673543.2489483417,53054000.0,63,101.72630153176063,-2600000.0,,,2.3013461538461537,0.3462806195377616,11962000.0,False,False,False,False
18/19,Arsenal,91,135360000.0,100%,38,136920000.0,3603157.8947368423,2600000.0,18200000.0,5000.0,3761035.434818851,53928000.0,53,101.15248226950355,-1560000.0,,,7.0,0.39386503067484663,18195000.0,False,False,False,False
18/19,Liverpool,88,127460000.0,100%,31,122260000.0,3943870.9677419355,3900000.0,10400000.0,5000.0,3063703.3879705723,43680000.0,57,95.92028871802918,5200000.0,91228.0701754386,1754.3859649122808,2.6666666666666665,0.3572713888434484,10395000.0,False,False,False,False
18/19,Tottenham,83,91206000.0,100%,30,91206000.0,3040200.0,3120000.0,10400000.0,31000.0,2085925.121808811,30408000.0,53,100.0,0.0,,,3.3333333333333335,0.3333991184790474,10369000.0,False,False,False,False
18/19,Everton,90,85707000.0,100%,27,80715000.0,2989444.4444444445,3120000.0,6240000.0,208000.0,2007546.844617413,28715000.0,63,94.17550491791802,4992000.0,79238.09523809524,1523.8095238095239,2.0,0.3557579136467819,6032000.0,False,False,False,False
18/19,West Ham,90,82795000.0,100%,31,88775000.0,2863709.6774193547,2600000.0,7280000.0,18000.0,1795676.0137164383,28340000.0,59,107.22265837309016,-5980000.0,,,2.8,0.31923401858631373,7262000.0,False,True,False,True
18/19,Leicester City,89,79900000.0,100%,30,81460000.0,2715333.3333333335,2470000.0,7280000.0,390000.0,1619829.1381443937,27300000.0,59,101.95244055068835,-1560000.0,,,2.9473684210526314,0.33513380800392834,6890000.0,False,False,False,False
18/19,Crystal Palace,86,74701000.0,100%,34,74769000.0,2199088.2352941176,1820000.0,6760000.0,26000.0,1848220.7064789091,28080000.0,52,100.09102957122396,-68000.0,,,3.7142857142857144,0.37555671468121815,6734000.0,False,False,False,False
18/19,Southampton,86,72514500.0,100%,35,72514500.0,2071842.857142857,2600000.0,4160000.0,26000.0,1417246.6926456832,18980000.0,51,100.0,0.0,,,1.6,0.2617407552972164,4134000.0,False,False,False,False
18/19,Bournemouth,82,52690000.0,100%,36,53626000.0,1489611.111111111,1690000.0,3900000.0,26000.0,1029847.541498332,15860000.0,46,101.77642816473713,-936000.0,,,2.3076923076923075,0.2957520605676351,3874000.0,False,False,False,False
18/19,Fulham,82,50919000.0,100%,29,44159000.0,1522724.1379310344,1300000.0,5386000.0,26000.0,1261637.8214887336,18249000.0,53,86.72401264753825,6760000.0,127547.16981132075,2452.830188679245,4.143076923076923,0.4132566407753799,5360000.0,False,False,False,False
18/19,Newcastle,88,49845000.0,100%,32,49606000.0,1550187.5,1820000.0,3640000.0,18000.0,905719.654607283,13468000.0,56,99.52051359213561,239000.0,4267.857142857143,82.07417582417582,2.0,0.2714994153932992,3622000.0,False,False,False,False
18/19,Watford,93,49398000.0,100%,31,51218000.0,1652193.5483870967,1560000.0,3640000.0,104000.0,951589.5970902173,16380000.0,62,103.68435969067573,-1820000.0,,,2.3333333333333335,0.31980944199304934,3536000.0,False,False,False,False
18/19,Burnley,83,44263000.0,100%,28,44263000.0,1580821.4285714286,1716000.0,2860000.0,26000.0,751116.9487070043,12740000.0,55,100.0,0.0,,,1.6666666666666667,0.2878250457492714,2834000.0,False,False,False,False
18/19,Brighton,93,42821000.0,100%,31,46981000.0,1515516.1290322582,1560000.0,2600000.0,26000.0,791835.3730823826,12740000.0,62,109.71485953153825,-4160000.0,,,1.6666666666666667,0.2711734530980609,2574000.0,False,True,False,True
18/19,Wolves,85,37187000.0,100%,27,39511000.0,1463370.3703703703,1456000.0,5200000.0,15000.0,1392017.9913776575,18096000.0,58,106.24949579154006,-2324000.0,,,3.5714285714285716,0.45799903824251476,5185000.0,False,True,False,True
18/19,Huddersfield,86,35115000.0,100%,32,34335000.0,1072968.75,1040000.0,2600000.0,5000.0,630078.15615438,9880000.0,54,97.7787270397266,780000.0,14444.444444444445,277.77777777777777,2.5,0.28775302169797584,2595000.0,False,False,False,False
18/19,Cardiff City,92,32990000.0,100%,35,33809000.0,965971.4285714285,988000.0,2600000.0,31000.0,497889.87004063005,8710000.0,57,102.4825704759018,-819000.0,,,2.6315789473684212,0.25762370966310744,2569000.0,False,False,False,False
19/20,Manchester Utd,78,165440000.0,33%,28,164790000.0,5885357.142857143,4915000.0,19500000.0,520000.0,4553501.28382533,67860000.0,50,99.6071083172147,650000.0,13000.0,250.0,3.967446592065107,0.411796832332059,18980000.0,False,False,False,False
19/20,Manchester City,71,148990000.0,31%,25,151070000.0,6042800.0,5720000.0,18200000.0,520000.0,4050153.824239272,59290000.0,46,101.39606685012417,-2080000.0,,,3.1818181818181817,0.39246706824650823,17680000.0,False,False,False,False
19/20,Chelsea,79,119650000.0,35%,28,110990000.0,3963928.5714285714,4080000.0,9360000.0,110000.0,2751595.2804330783,40700000.0,51,92.76222315085667,8660000.0,169803.92156862744,3265.4600301659125,2.2941176470588234,0.3666997026759167,9250000.0,False,False,False,False
19/20,Arsenal,78,118540000.0,32%,28,117040000.0,4180000.0,3900000.0,18200000.0,360000.0,3743857.191008581,50850000.0,50,98.73460435296103,1500000.0,30000.0,576.9230769230769,4.666666666666667,0.43446684894053317,17840000.0,False,False,False,False
19/20,Liverpool,70,114870000.0,31%,24,115130000.0,4797083.333333333,4940000.0,10400000.0,260000.0,2700372.7265543994,43680000.0,46,100.22634282232087,-260000.0,,,2.1052631578947367,0.3793972031616434,10140000.0,False,False,False,False
19/20,Tottenham,76,107580000.0,34%,27,102110000.0,3781851.8518518517,3380000.0,10400000.0,260000.0,2257888.7978290305,36140000.0,49,94.91541178657744,5470000.0,111632.6530612245,2146.7817896389324,3.076923076923077,0.35393203408089313,10140000.0,False,False,False,False
19/20,Everton,76,87930000.0,37%,25,84010000.0,3360400.0,3380000.0,6240000.0,420000.0,1853335.9112691905,28720000.0,51,95.5419083361765,3920000.0,76862.74509803922,1478.1297134238312,1.8461538461538463,0.34186406380192835,5820000.0,False,False,False,False
19/20,West Ham,74,74506000.0,32%,26,71010000.0,2731153.846153846,2600000.0,5200000.0,160000.0,1240897.5039803307,21320000.0,48,95.3077604488229,3496000.0,72833.33333333333,1400.6410256410256,2.0,0.3002394029009999,5040000.0,False,False,False,False
19/20,Crystal Palace,69,74290000.0,39%,25,74810000.0,2992400.0,2860000.0,6760000.0,30000.0,1723282.4299380917,28600000.0,44,100.69995961771437,-520000.0,,,2.3636363636363638,0.3823018313059751,6730000.0,False,False,False,False
19/20,Leicester City,80,73530000.0,36%,27,69630000.0,2578888.888888889,2340000.0,7280000.0,130000.0,1692361.4210585102,26000000.0,53,94.69604243166054,3900000.0,73584.90566037736,1415.0943396226417,3.111111111111111,0.3734022691368663,7150000.0,False,False,False,False
19/20,Newcastle,88,67310000.0,35%,31,59120000.0,1907096.7741935484,1820000.0,4420000.0,40000.0,1000183.9615736934,18150000.0,57,87.8324171742683,8190000.0,143684.2105263158,2763.157894736842,2.4285714285714284,0.30700270635994586,4380000.0,False,False,False,False
19/20,Watford,91,57670000.0,35%,34,57410000.0,1688529.4117647058,1560000.0,3640000.0,130000.0,1057407.155757955,17420000.0,57,99.54915900814983,260000.0,4561.403508771929,87.71929824561403,2.3333333333333335,0.3034314579341578,3510000.0,False,False,False,False
19/20,Wolves,77,54130000.0,40%,30,47730000.0,1591000.0,1220000.0,5200000.0,50000.0,1464735.7064177734,20690000.0,47,88.17661186033622,6400000.0,136170.21276595743,2618.6579378068736,4.262295081967213,0.4334799916195265,5150000.0,False,False,False,False
19/20,Southampton,64,53540000.0,34%,22,48800000.0,2218181.8181818184,2550000.0,3900000.0,30000.0,1126429.8273057917,17420000.0,42,91.14680612626074,4740000.0,112857.14285714286,2170.32967032967,1.5294117647058822,0.3569672131147541,3870000.0,False,False,False,False
19/20,Aston Villa,82,51150000.0,34%,31,51100000.0,1648387.0967741935,1610000.0,4780000.0,50000.0,944831.8960682671,15700000.0,51,99.90224828934507,50000.0,980.3921568627451,18.85369532428356,2.968944099378882,0.30724070450097846,4730000.0,False,False,False,False
19/20,Brighton,84,48720000.0,36%,31,48900000.0,1577419.3548387096,1560000.0,4670000.0,30000.0,912531.1601691034,14810000.0,53,100.36945812807883,-180000.0,,,2.9935897435897436,0.3028629856850716,4640000.0,False,False,False,False
19/20,Burnley,73,44470000.0,33%,24,40700000.0,1695833.3333333333,1820000.0,2860000.0,30000.0,699844.1855570216,13000000.0,49,91.52237463458512,3770000.0,76938.77551020408,1479.591836734694,1.5714285714285714,0.3194103194103194,2830000.0,False,False,False,False
19/20,Bournemouth,84,42350000.0,32%,30,42000000.0,1400000.0,1690000.0,2600000.0,160000.0,752361.7985132346,11440000.0,54,99.17355371900827,350000.0,6481.481481481482,124.64387464387465,1.5384615384615385,0.2723809523809524,2440000.0,False,False,False,False
19/20,Norwich City,71,26190000.0,41%,27,26080000.0,965925.925925926,830000.0,2600000.0,80000.0,706574.9416361639,10860000.0,44,99.57999236349751,110000.0,2500.0,48.07692307692308,3.1325301204819276,0.41641104294478526,2520000.0,False,False,False,False
19/20,Sheffield United,83,24180000.0,54%,32,23660000.0,739375.0,495000.0,2600000.0,160000.0,649510.6718932538,9920000.0,51,97.84946236559139,520000.0,10196.078431372549,196.078431372549,5.252525252525253,0.41927303465765003,2440000.0,False,False,False,False
20/21,Manchester Utd,86,193410000.0,3%,32,187590000.0,5862187.5,4760000.0,19500000.0,780000.0,4306707.2478342885,67860000.0,54,96.9908484566465,5820000.0,107777.77777777778,2072.6495726495727,4.0966386554621845,0.36174636174636177,18720000.0,False,False,False,False
20/21,Chelsea,82,147811988.0,2%,29,147811988.0,5096965.1034482755,5200000.0,9880000.0,250000.0,2543300.620487569,44130000.0,53,100.0,0.0,,,1.9,0.2985549453539587,9630000.0,False,False,False,False
20/21,Arsenal,87,147450000.0,1%,34,147450000.0,4336764.705882353,3755000.0,18200000.0,300000.0,3803680.610327745,58270000.0,53,100.0,0.0,,,4.846870838881491,0.3951848084096304,17900000.0,False,False,False,False
20/21,Manchester City,76,137678000.0,1%,26,137886000.0,5303307.692307692,4680000.0,20800000.0,390000.0,4775798.117753562,63970000.0,50,100.15107715103358,-208000.0,,,4.444444444444445,0.46393397444265555,20410000.0,False,False,False,False
20/21,Tottenham,82,134476000.0,4%,30,136636000.0,4554533.333333333,3390000.0,31200000.0,130000.0,5583522.307730088,64580000.0,52,101.60623456973734,-2160000.0,,,9.20353982300885,0.47264264176351767,31070000.0,False,False,False,False
20/21,Liverpool,84,130920000.0,5%,30,126760000.0,4225333.333333333,3640000.0,10400000.0,80000.0,3044670.5651966217,46800000.0,54,96.82248701497097,4160000.0,77037.03703703704,1481.4814814814815,2.857142857142857,0.36920164089618174,10320000.0,False,False,False,False
20/21,Everton,87,92073000.0,1%,32,92593000.0,2893531.25,3250000.0,6240000.0,234000.0,1952289.4910992198,28720000.0,55,100.5647692591748,-520000.0,,,1.92,0.310174635231605,6006000.0,False,False,False,False
20/21,Crystal Palace,87,88735000.0,2%,31,87313000.0,2816548.3870967743,2860000.0,6760000.0,25000.0,1727380.6729401925,29380000.0,56,98.3974756296839,1422000.0,25392.85714285714,488.32417582417577,2.3636363636363638,0.33649055696173535,6735000.0,False,False,False,False
20/21,Leicester City,80,77526000.0,0%,28,81164000.0,2898714.285714286,2860000.0,7280000.0,78000.0,1807881.0362603625,28080000.0,52,104.69261925031603,-3638000.0,,,2.5454545454545454,0.34596619190774236,7202000.0,False,False,False,False
20/21,West Ham,72,66476000.0,3%,24,66476000.0,2769833.3333333335,2600000.0,5980000.0,160000.0,1571559.94688929,24500000.0,48,100.0,0.0,,,2.3,0.368554064624827,5820000.0,False,False,False,False
20/21,Aston Villa,79,62113024.0,0%,29,63153024.0,2177690.4827586208,1820000.0,5460000.0,390000.0,1292829.7437121249,21790000.0,50,101.67436703774075,-1040000.0,,,3.0,0.3450349424280934,5070000.0,False,False,False,False
20/21,Newcastle,94,57546000.0,3%,32,59604000.0,1862625.0,1820000.0,4160000.0,26000.0,1005231.789993185,18080000.0,62,103.5762694192472,-2058000.0,,,2.2857142857142856,0.3033353466210321,4134000.0,False,False,False,False
20/21,Southampton,76,57184000.0,3%,27,57184000.0,2117925.925925926,2490000.0,3900000.0,70000.0,1292094.0048537173,18980000.0,49,100.0,0.0,,,1.5662650602409638,0.33191102406267486,3830000.0,False,False,False,False
20/21,Fulham,89,52168824.0,8%,33,52168824.0,1580873.4545454546,1430000.0,3484000.0,39000.0,1028509.0912353756,15964000.0,56,100.0,0.0,,,2.4363636363636365,0.3060065145420951,3445000.0,False,False,False,False
20/21,Brighton,87,51578900.0,2%,31,49420900.0,1594222.5806451612,1560000.0,4700000.0,42900.0,1018780.213035726,15412000.0,56,95.81611860663953,2158000.0,38535.71428571428,741.0714285714286,3.0128205128205128,0.3118518683391035,4657100.0,False,False,False,False
20/21,Wolves,70,51513800.0,9%,26,54903800.0,2111684.6153846155,2120000.0,5200000.0,78000.0,1606783.229360403,23240000.0,44,106.58076088349142,-3390000.0,,,2.452830188679245,0.4232858199250325,5122000.0,False,True,False,True
20/21,West Brom,87,37088200.0,21%,33,41124000.0,1246181.8181818181,1040000.0,3640000.0,78000.0,902419.8529005727,14560000.0,54,110.88162811891652,-4035800.0,,,3.5,0.3540511623382939,3562000.0,False,True,False,True
20/21,Burnley,74,36751000.0,3%,26,36751000.0,1413500.0,1690000.0,2860000.0,39000.0,887488.7830277068,12640000.0,48,100.0,0.0,,,1.6923076923076923,0.3439362194226007,2821000.0,False,False,False,False
20/21,Leeds United,85,24186400.0,1%,29,27316400.0,941944.8275862068,429000.0,4212000.0,31000.0,1084524.9794877963,14734000.0,56,112.94115701385903,-3130000.0,,,9.818181818181818,0.5393829347937503,4181000.0,False,True,False,True
20/21,Sheffield United,86,20087200.0,13%,30,25315400.0,843846.6666666666,572000.0,2730000.0,23400.0,777506.3511142457,11050000.0,56,126.02752001274445,-5228200.0,,,4.7727272727272725,0.4364932017665137,2706600.0,False,True,True,True
21/22,Manchester Utd,82,238850000.0,5%,30,235730000.0,7857666.666666667,6240000.0,26800000.0,470000.0,6411450.792478081,97260000.0,52,98.69374084153235,3120000.0,60000.0,1153.8461538461538,4.294871794871795,0.4125906757731303,26330000.0,False,False,False,False
21/22,Chelsea,81,175890000.0,2%,28,175470000.0,6266785.714285715,5460000.0,16900000.0,620000.0,4079523.441277977,66280000.0,53,99.76121439536074,420000.0,7924.528301886792,152.39477503628447,3.0952380952380953,0.3777283866187952,16280000.0,False,False,False,False
21/22,Manchester City,67,151552000.0,8%,24,151552000.0,6314666.666666667,5260000.0,20800000.0,620000.0,5261577.302496366,73320000.0,43,100.0,0.0,,,3.9543726235741445,0.48379434121621623,20180000.0,False,False,False,False
21/22,Liverpool,83,144412000.0,6%,29,144412000.0,4979724.137931035,3900000.0,11440000.0,310000.0,3353463.14487567,50960000.0,54,100.0,0.0,,,2.933333333333333,0.3528792621111819,11130000.0,False,False,False,False
21/22,Arsenal,70,114370000.0,6%,27,113334000.0,4197555.555555556,3220000.0,13000000.0,80000.0,3024755.264522472,46390000.0,43,99.09416805106234,1036000.0,24093.023255813954,463.3273703041145,4.037267080745342,0.4093211216404609,12920000.0,False,False,False,False
21/22,Tottenham,67,110190000.0,10%,27,110190000.0,4081111.111111111,3640000.0,10400000.0,80000.0,2872708.8440292897,45084000.0,40,100.0,0.0,,,2.857142857142857,0.4091478355567656,10320000.0,False,False,False,False
21/22,Everton,86,92698000.0,22%,27,76800000.0,2844444.4444444445,2600000.0,6240000.0,260000.0,1729620.530488459,27160000.0,59,82.84968391982567,15898000.0,269457.6271186441,5181.877444589309,2.4,0.3536458333333333,5980000.0,True,False,True,True
21/22,West Ham,77,74556000.0,4%,26,80536000.0,3097538.4615384615,3430000.0,6240000.0,160000.0,1753098.95284366,29440000.0,51,108.02081656741242,-5980000.0,,,1.8192419825072885,0.36555080957584185,6080000.0,False,True,False,True
21/22,Leicester City,82,74370000.0,23%,28,77256000.0,2759142.8571428573,2445000.0,7280000.0,390000.0,1874509.6685145423,28080000.0,54,103.88059701492539,-2886000.0,,,2.9775051124744376,0.3634669151910531,6890000.0,False,False,False,False
21/22,Crystal Palace,78,72950000.0,31%,26,68620000.0,2639230.769230769,2470000.0,6760000.0,260000.0,1553563.4472448768,25360000.0,52,94.06442769019877,4330000.0,83269.23076923077,1601.3313609467455,2.736842105263158,0.36957155348294957,6500000.0,False,False,False,False
21/22,Aston Villa,66,71490000.0,12%,26,71106000.0,2734846.153846154,2485000.0,8500000.0,80000.0,2075878.4683561353,29820000.0,40,99.4628619387327,384000.0,9600.0,184.6153846153846,3.420523138832998,0.4193738924985233,8420000.0,False,False,False,False
21/22,Newcastle,83,68570000.0,7%,30,65710000.0,2190333.3333333335,1990000.0,7500000.0,50000.0,1574425.9672772111,24660000.0,53,95.82907977249526,2860000.0,53962.264150943396,1037.7358490566037,3.7688442211055277,0.37528534469639324,7450000.0,False,False,False,False
21/22,Wolves,76,57270000.0,29%,28,58301000.0,2082178.5714285714,1953500.0,6820000.0,140000.0,1651918.2127896135,24860000.0,48,101.80024445608522,-1031000.0,,,3.4911696954184794,0.4264077803125161,6680000.0,False,False,False,False
21/22,Southampton,81,52580000.0,26%,28,53140000.0,1897857.142857143,2210000.0,3900000.0,20000.0,1178779.5230751017,17160000.0,53,101.06504374286803,-560000.0,,,1.7647058823529411,0.3229205871283402,3880000.0,False,False,False,False
21/22,Brighton,76,46470000.0,24%,27,42560000.0,1576296.2962962964,1560000.0,4700000.0,180000.0,1028722.6887603727,15100000.0,49,91.58596944265118,3910000.0,79795.91836734694,1534.5368916797488,3.0128205128205128,0.35479323308270677,4520000.0,False,False,False,False
21/22,Watford,88,41380000.0,36%,33,45380000.0,1375151.5151515151,1280000.0,4160000.0,100000.0,960491.8050539304,15760000.0,55,109.66650555824069,-4000000.0,,,3.25,0.3472895548699868,4060000.0,False,True,False,True
21/22,Burnley,72,39520000.0,22%,25,42182000.0,1687280.0,1820000.0,2860000.0,260000.0,669366.586159383,12900000.0,47,106.73582995951416,-2662000.0,,,1.5714285714285714,0.305817647337727,2600000.0,False,True,False,True
21/22,Norwich City,82,31320000.0,28%,29,34300000.0,1182758.6206896552,1290000.0,3380000.0,40000.0,745179.2524128681,11610000.0,53,109.51468710089401,-2980000.0,,,2.62015503875969,0.3384839650145773,3340000.0,False,True,False,True
21/22,Leeds United,70,23810000.0,27%,24,24927000.0,1038625.0,598000.0,3302000.0,40000.0,1037570.3145371381,14162000.0,46,104.69130617387651,-1117000.0,,,5.521739130434782,0.5681389657800778,3262000.0,False,False,False,False
21/22,Brentford,90,21130000.0,36%,34,24830000.0,730294.1176470588,715000.0,1820000.0,90000.0,465621.0274208743,7280000.0,56,117.51064836725035,-3700000.0,,,2.5454545454545454,0.2931937172774869,1730000.0,False,True,True,True
22/23,Manchester Utd,94,228514000.0,17%,34,243074000.0,7149235.294117647,5460000.0,26780000.0,260000.0,6682465.921457725,100360000.0,60,106.37160086471727,-14560000.0,,,4.904761904761905,0.4128783827147289,26520000.0,False,True,False,True
22/23,Manchester City,72,194740000.0,15%,25,196560000.0,7862400.0,7800000.0,20800000.0,260000.0,5561853.168384317,81900000.0,47,100.93457943925233,-1820000.0,,,2.6666666666666665,0.4166666666666667,20540000.0,False,False,False,False
22/23,Chelsea,89,190060000.0,21%,32,220324000.0,6885125.0,5460000.0,16900000.0,364000.0,4438891.955243176,73320000.0,57,115.92339261285909,-30264000.0,,,3.0952380952380953,0.3327826292187869,16536000.0,False,True,True,True
22/23,Liverpool,87,161980000.0,30%,30,164580000.0,5486000.0,5200000.0,18200000.0,520000.0,3926121.7154003186,58760000.0,57,101.60513643659712,-2600000.0,,,3.5,0.3570300157977883,17680000.0,False,False,False,False
22/23,Tottenham,79,109330000.0,29%,28,117520000.0,4197142.857142857,3900000.0,10400000.0,390000.0,2791746.9071623944,45760000.0,51,107.4910820451843,-8190000.0,,,2.6666666666666665,0.3893805309734513,10010000.0,False,True,False,True
22/23,Arsenal,69,101660000.0,7%,26,115076000.0,4426000.0,3380000.0,13780000.0,1560000.0,2842049.1199133066,44460000.0,43,113.19693094629156,-13416000.0,,,4.076923076923077,0.38635336647085405,12220000.0,False,True,False,True
22/23,Aston Villa,81,100620000.0,23%,28,98690000.0,3524642.8571428573,3250000.0,8320000.0,1040000.0,1989545.7924655727,34060000.0,53,98.08189226793877,1930000.0,36415.09433962264,700.2902757619739,2.56,0.34512108622960785,7280000.0,False,False,False,False
22/23,Everton,80,84812000.0,45%,27,84656000.0,3135407.407407407,2860000.0,6240000.0,260000.0,1898578.8057074377,29120000.0,53,99.81606376456162,156000.0,2943.396226415094,56.60377358490565,2.1818181818181817,0.343980343980344,5980000.0,False,False,False,False
22/23,Newcastle,87,82836000.0,23%,31,86866000.0,2802129.0322580645,2340000.0,6240000.0,390000.0,1611184.983005479,27560000.0,56,104.86503452605147,-4030000.0,,,2.6666666666666665,0.3172702783597725,5850000.0,False,False,False,False
22/23,West Ham,69,82420000.0,17%,24,87100000.0,3629166.6666666665,3380000.0,7800000.0,260000.0,1821580.5766151138,31980000.0,45,105.67823343848582,-4680000.0,,,2.3076923076923075,0.36716417910447763,7540000.0,False,True,False,True
22/23,Leicester City,81,78780000.0,31%,29,84760000.0,2922758.620689655,2600000.0,7280000.0,520000.0,1570265.893207089,26520000.0,52,107.59075907590758,-5980000.0,,,2.8,0.3128834355828221,6760000.0,False,True,False,True
22/23,Crystal Palace,73,66820000.0,48%,24,66040000.0,2751666.6666666665,2600000.0,6760000.0,520000.0,1347550.6497431512,23660000.0,49,98.83268482490273,780000.0,15918.367346938776,306.12244897959187,2.6,0.35826771653543305,6240000.0,False,False,False,False
22/23,Fulham,72,54340000.0,42%,26,57666000.0,2217923.076923077,2080000.0,4680000.0,50000.0,1119877.204806917,20436000.0,46,106.12072138387927,-3326000.0,,,2.25,0.3543855998335241,4630000.0,False,True,False,True
22/23,Nottingham,107,53430000.0,65%,37,67910000.0,1835405.4054054054,1560000.0,5200000.0,130000.0,1277346.6304861861,22360000.0,70,127.10087965562418,-14480000.0,,,3.3333333333333335,0.32925931379767337,5070000.0,False,True,True,True
22/23,Wolves,88,52182000.0,60%,32,64922000.0,2028812.5,1690000.0,5200000.0,130000.0,1626872.3890217356,24180000.0,56,124.4145490782262,-12740000.0,,,3.076923076923077,0.37244693632358833,5070000.0,False,True,True,True
22/23,Southampton,83,49556000.0,63%,30,62296000.0,2076533.3333333333,1690000.0,5200000.0,416000.0,1228036.496518572,20280000.0,53,125.70828961175235,-12740000.0,,,3.076923076923077,0.32554257095158595,4784000.0,False,True,True,True
22/23,Leeds United,79,49374000.0,71%,29,58734000.0,2025310.3448275863,2080000.0,5200000.0,104000.0,1223191.6420183096,19760000.0,50,118.95734597156398,-9360000.0,,,2.5,0.33643204957945994,5096000.0,False,True,True,True
22/23,Bournemouth,84,38428000.0,56%,33,48204000.0,1460727.2727272727,1560000.0,2860000.0,104000.0,817901.8611945169,13260000.0,51,125.43978349120432,-9776000.0,,,1.8333333333333333,0.2750809061488673,2756000.0,False,True,True,True
22/23,Brighton,73,38376000.0,71%,25,38012000.0,1520480.0,1040000.0,4680000.0,156000.0,1262565.2828005897,17420000.0,48,99.05149051490515,364000.0,7583.333333333333,145.83333333333331,4.5,0.4582763337893297,4524000.0,False,False,False,False
22/23,Brentford,75,32136000.0,75%,26,32936000.0,1266769.2307692308,1300000.0,2860000.0,280000.0,598623.2409582714,10660000.0,49,102.48941996514812,-800000.0,,,2.2,0.32365800340053436,2580000.0,False,False,False,False
23/24,Manchester Utd,59,205756000.0,25%,33,206146000.0,6246848.484848484,4420000.0,18200000.0,260000.0,5218481.604602603,77480000.0,26,100.18954489784015,-390000.0,,,4.117647058823529,0.37585012563911013,17940000.0,False,False,False,False
23/24,Manchester City,50,201032000.0,35%,23,193232000.0,8401391.304347826,8320000.0,20800000.0,780000.0,5804145.9299611505,84500000.0,27,96.12002069322297,7800000.0,288888.8888888889,5555.555555555556,2.5,0.4372981700753498,20020000.0,False,False,False,False
23/24,Arsenal,52,166036000.0,12%,26,167596000.0,6446000.0,5200000.0,14560000.0,520000.0,3991635.4542968976,63700000.0,26,100.93955527716881,-1560000.0,,,2.8,0.38008067018305924,14040000.0,False,False,False,False
23/24,Chelsea,63,157040000.0,57%,31,157950000.0,5095161.29032258,3900000.0,16900000.0,390000.0,4001863.625002517,60840000.0,32,100.57947019867551,-910000.0,,,4.333333333333333,0.3851851851851852,16510000.0,False,False,False,False
23/24,Liverpool,50,136240000.0,48%,27,138840000.0,5142222.222222222,4420000.0,18200000.0,520000.0,4152701.9316745256,57200000.0,23,101.90839694656488,-2600000.0,,,4.117647058823529,0.41198501872659177,17680000.0,False,False,False,False
23/24,Tottenham,61,117520000.0,39%,32,131820000.0,4119375.0,3900000.0,9880000.0,390000.0,2558453.3350721765,45240000.0,29,112.16814159292035,-14300000.0,,,2.533333333333333,0.3431952662721893,9490000.0,False,True,False,True
23/24,Aston Villa,53,117150000.0,50%,28,118710000.0,4239642.857142857,4105000.0,7800000.0,260000.0,2283438.7358362516,36920000.0,25,101.33162612035851,-1560000.0,,,1.900121802679659,0.31101002442928144,7540000.0,False,False,False,False
23/24,West Ham,49,95316000.0,38%,26,103116000.0,3966000.0,3900000.0,7800000.0,208000.0,2222417.350544222,34840000.0,23,108.18330605564648,-7800000.0,,,2.0,0.3378719112455875,7592000.0,False,True,False,True
23/24,Newcastle,59,84500000.0,41%,29,84500000.0,2913793.103448276,2600000.0,8320000.0,260000.0,1905362.533544851,30680000.0,30,100.0,0.0,,,3.2,0.3630769230769231,8060000.0,False,False,False,False
23/24,Everton,48,78978000.0,57%,25,79238000.0,3169520.0,2860000.0,6760000.0,260000.0,2032444.3641421858,29500000.0,23,100.32920560155993,-260000.0,,,2.3636363636363638,0.3722961205482218,6500000.0,False,False,False,False
23/24,Nottingham,74,72050000.0,86%,36,75820000.0,2106111.111111111,1820000.0,6240000.0,180000.0,1282979.2956302427,22880000.0,38,105.23247744621791,-3770000.0,,,3.4285714285714284,0.30176734370878394,6060000.0,False,True,False,True
23/24,Crystal Palace,54,69050000.0,65%,29,73210000.0,2524482.7586206896,2340000.0,5200000.0,280000.0,1442962.1968290904,24440000.0,25,106.02461984069515,-4160000.0,,,2.2222222222222223,0.333834175659063,4920000.0,False,True,False,True
23/24,Fulham,52,66690000.0,69%,26,66690000.0,2565000.0,2470000.0,6760000.0,364000.0,1576379.6750783108,24960000.0,26,100.0,0.0,,,2.736842105263158,0.3742690058479532,6396000.0,False,False,False,False
23/24,Brighton,55,62400000.0,78%,29,64220000.0,2214482.7586206896,1820000.0,8320000.0,520000.0,1692670.3041705107,24700000.0,26,102.91666666666666,-1820000.0,,,4.571428571428571,0.38461538461538464,7800000.0,False,False,False,False
23/24,Bournemouth,61,54834000.0,79%,32,58630000.0,1832187.5,1820000.0,4160000.0,78000.0,967142.8302129206,16900000.0,29,106.92271218587008,-3796000.0,,,2.2857142857142856,0.28824833702882485,4082000.0,False,True,False,True
23/24,Wolves,51,53820000.0,76%,28,54080000.0,1931428.5714285714,1820000.0,4680000.0,260000.0,1313276.1247712453,19760000.0,23,100.48309178743962,-260000.0,,,2.5714285714285716,0.36538461538461536,4420000.0,False,False,False,False
23/24,Brentford,59,39936000.0,93%,31,41366000.0,1334387.0967741935,1300000.0,2860000.0,130000.0,740380.518266085,12480000.0,28,103.58072916666667,-1430000.0,,,2.2,0.3016970458830924,2730000.0,False,False,False,False
23/24,Burnley,69,38506000.0,86%,36,40846000.0,1134611.111111111,1170000.0,2340000.0,156000.0,665697.2833171793,10920000.0,33,106.0769750168805,-2340000.0,,,2.0,0.2673456397199236,2184000.0,False,True,False,True
23/24,Sheffield United,61,28756000.0,66%,35,36348000.0,1038514.2857142857,1040000.0,3640000.0,52000.0,655207.9764753896,10400000.0,26,126.40144665461122,-7592000.0,,,3.5,0.2861230329041488,3588000.0,False,True,True,True
23/24,Luton Town,56,24570000.0,89%,29,25770000.0,888620.6896551724,650000.0,2600000.0,130000.0,566636.215737418,9100000.0,27,104.8840048840049,-1200000.0,,,4.0,0.35312378734963135,2470000.0,False,False,False,False
24/25,Manchester City,67,201864000.0,55%,38,227437600.0,5985200.0,2860000.0,20800000.0,93600.0,6117913.64684647,86840000.0,29,112.66872746007212,-25573600.0,,,7.2727272727272725,0.3818190132150533,20706400.0,False,True,False,True
24/25,Manchester Utd,67,180848000.0,33%,37,190065000.0,5136891.891891892,4420000.0,18200000.0,52000.0,4894669.7526991535,72800000.0,30,105.09654516500045,-9217000.0,,,4.117647058823529,0.3830268592323679,18148000.0,False,True,False,True
24/25,Chelsea,79,172120000.0,61%,39,144679600.0,3709733.3333333335,2600000.0,13000000.0,104000.0,3540942.526126813,52000000.0,40,84.05740181268882,27440400.0,686010.0,13192.5,5.0,0.35941487258742766,12896000.0,True,False,True,True
24/25,Arsenal,52,169416000.0,31%,25,172276000.0,6891040.0,5720000.0,14560000.0,208000.0,3943841.491067645,63700000.0,27,101.68815224063843,-2860000.0,,,2.5454545454545454,0.3697555086024751,14352000.0,False,False,False,False
24/25,Liverpool,64,128804000.0,56%,34,139783800.0,4111288.2352941176,2990000.0,18200000.0,20800.0,4152850.124678137,55120000.0,30,108.52442470730723,-10979800.0,,,6.086956521739131,0.3943232334505143,18179200.0,False,True,False,True
24/25,Aston Villa,74,107536000.0,74%,39,132644200.0,3401133.3333333335,3900000.0,7800000.0,31200.0,2712797.935840735,37960000.0,35,123.34864603481626,-25108200.0,,,2.0,0.2861791167649999,7768800.0,False,True,True,True
24/25,Tottenham,71,104286000.0,61%,36,116441000.0,3234472.222222222,3380000.0,9880000.0,39000.0,2645332.887354753,41600000.0,35,111.65544751932185,-12155000.0,,,2.923076923076923,0.3572624762755387,9841000.0,False,True,False,True
24/25,Newcastle,67,103272000.0,60%,35,104000000.0,2971428.5714285714,2600000.0,8320000.0,52000.0,2576837.668489791,37960000.0,32,100.70493454179254,-728000.0,,,3.2,0.365,8268000.0,False,False,False,False
24/25,West Ham,59,90220000.0,56%,31,99658000.0,3214774.193548387,3380000.0,7800000.0,52000.0,2410744.0443381434,34320000.0,28,110.46109510086455,-9438000.0,,,2.3076923076923075,0.34437777198017216,7748000.0,False,True,False,True
24/25,Everton,57,71422000.0,73%,28,76388000.0,2728142.8571428573,2210000.0,6760000.0,78000.0,1893554.9892608067,29900000.0,29,106.95303967965053,-4966000.0,,,3.0588235294117645,0.39142273655547993,6682000.0,False,True,False,True
24/25,Crystal Palace,66,69810000.0,86%,37,78572000.0,2123567.5675675673,2080000.0,5460000.0,78000.0,1658665.6708956775,25740000.0,29,112.55121042830541,-8762000.0,,,2.625,0.32759761747187294,5382000.0,False,True,False,True
24/25,Fulham,53,68406000.0,78%,27,73996000.0,2740592.592592593,2600000.0,6760000.0,104000.0,1681041.7845733287,26520000.0,26,108.17179779551502,-5590000.0,,,2.6,0.3583977512297962,6656000.0,False,True,False,True
24/25,Leicester City,62,65416000.0,75%,32,68510000.0,2140937.5,1690000.0,7280000.0,104000.0,1701869.407398438,24960000.0,30,104.72972972972974,-3094000.0,,,4.3076923076923075,0.36432637571157495,7176000.0,False,False,False,False
24/25,Nottingham,65,63492000.0,92%,29,57590000.0,1985862.0689655172,1820000.0,5460000.0,78000.0,1327754.2727730144,21840000.0,36,90.70434070434071,5902000.0,163944.44444444444,3152.777777777778,3.0,0.3792325056433409,5382000.0,False,False,False,False
24/25,Brighton,79,61958000.0,87%,40,63687000.0,1592175.0,1170000.0,4550000.0,104000.0,1365661.7046936136,19890000.0,39,102.79060008392781,-1729000.0,,,3.888888888888889,0.31230863441518675,4446000.0,False,False,False,False
24/25,Southampton,72,56030000.0,88%,39,59020000.0,1513333.3333333333,1040000.0,6240000.0,156000.0,1239449.141933059,20020000.0,33,105.33642691415312,-2990000.0,,,6.0,0.3392070484581498,6084000.0,False,True,False,True
24/25,Bournemouth,60,54704000.0,83%,32,60372000.0,1886625.0,1820000.0,4420000.0,104000.0,1247457.1231884276,19500000.0,28,110.36121673003802,-5668000.0,,,2.4285714285714284,0.32299741602067183,4316000.0,False,True,False,True
24/25,Wolves,76,54262000.0,85%,39,62608000.0,1605333.3333333333,1300000.0,4680000.0,130000.0,1237747.7281726233,20280000.0,37,115.38092956396741,-8346000.0,,,3.6,0.3239202657807309,4550000.0,False,True,True,True
24/25,Brentford,64,41470000.0,97%,34,44239000.0,1301147.0588235294,1430000.0,3640000.0,117000.0,896919.3110005123,14040000.0,30,106.67711598746081,-2769000.0,,,2.5454545454545454,0.31736702909197767,3523000.0,False,True,False,True
24/25,Ipswich Town,62,34216000.0,97%,33,39980000.0,1211515.1515151516,780000.0,7800000.0,52000.0,1410130.4044576008,17420000.0,29,116.84592003740939,-5764000.0,,,10.0,0.43571785892946474,7748000.0,False,True,True,True
25/26,Manchester City,72,223875600.0,57%,40,236199600.0,5904990.0,3900000.0,27300000.0,52000.0,6251310.625567515,84240000.0,32,105.50484286809281,-12324000.0,,,7.0,0.35664751337428174,27248000.0,False,True,False,True
25/26,Arsenal,53,189332000.0,60%,26,186212000.0,7162000.0,7280000.0,14560000.0,52000.0,4102231.3927910025,66300000.0,27,98.3521010711343,3120000.0,115555.55555555556,2222.222222222222,2.0,0.35604579726333424,14508000.0,False,False,False,False
25/26,Liverpool,65,178380800.0,59%,32,174454800.0,5451712.5,3900000.0,20800000.0,20800.0,5398496.465698694,76960000.0,33,97.79909048507463,3926000.0,118969.69696969698,2287.878787878788,5.333333333333333,0.441145786759665,20779200.0,False,False,False,False
25/26,Manchester Utd,78,162331000.0,44%,39,162474000.0,4166000.0,2600000.0,18200000.0,39000.0,4442724.632238052,63180000.0,39,100.0880916152799,-143000.0,,,7.0,0.3888622179548728,18161000.0,False,False,False,False
25/26,Chelsea,67,156338000.0,54%,37,161434000.0,4363081.081081081,3120000.0,16900000.0,104000.0,3941703.6529510547,58760000.0,30,103.25960419091969,-5096000.0,,,5.416666666666667,0.363987759703656,16796000.0,False,False,False,False
25/26,Tottenham,75,132912000.0,63%,37,137852000.0,3725729.7297297297,3640000.0,10140000.0,26000.0,2999060.303278796,45240000.0,38,103.71674491392801,-4940000.0,,,2.7857142857142856,0.32817804602036965,10114000.0,False,False,False,False
25/26,Aston Villa,72,129537200.0,87%,39,134976400.0,3460933.3333333335,3380000.0,7800000.0,62400.0,3004336.6190727954,38480000.0,33,104.19894825579061,-5439200.0,,,2.3076923076923075,0.28508687444619946,7737600.0,False,False,False,False
25/26,Newcastle,60,116584000.0,72%,30,116584000.0,3886133.3333333335,3640000.0,8320000.0,78000.0,2556062.9172189026,39000000.0,30,100.0,0.0,,,2.2857142857142856,0.3345227475468332,8242000.0,False,False,False,False
25/26,Nottingham,73,92677000.0,88%,37,86411000.0,2335432.4324324327,2080000.0,5720000.0,39000.0,1513674.3841200264,24960000.0,36,93.2388834338617,6266000.0,174055.55555555556,3347.222222222222,2.75,0.2888521137355198,5681000.0,False,False,False,False
25/26,West Ham,66,86143200.0,84%,34,95607200.0,2811976.470588235,2470000.0,7800000.0,31200.0,2132045.373196589,33020000.0,32,110.98635759990341,-9464000.0,,,3.1578947368421053,0.3453714782987055,7768800.0,False,True,False,True
25/26,Fulham,52,77519000.0,85%,28,77298000.0,2760642.8571428573,2860000.0,6760000.0,39000.0,1719029.2526389922,27040000.0,24,99.71490860305215,221000.0,9208.333333333334,177.08333333333334,2.3636363636363638,0.3498150016818029,6721000.0,False,False,False,False
25/26,Everton,58,75379200.0,92%,28,64173200.0,2291900.0,1508000.0,7800000.0,31200.0,2182375.0259921122,31200000.0,30,85.13383002207505,11206000.0,373533.3333333333,7183.333333333333,5.172413793103448,0.48618426383599384,7768800.0,False,False,False,False
25/26,Wolves,67,72358000.0,90%,35,73515000.0,2100428.5714285714,1820000.0,5460000.0,39000.0,1437852.4281170228,21840000.0,32,101.59899389148401,-1157000.0,,,3.0,0.29708222811671087,5421000.0,False,False,False,False
25/26,Crystal Palace,70,68348800.0,94%,37,79138800.0,2138886.4864864866,1820000.0,6240000.0,20800.0,1739755.5923753204,27300000.0,33,115.78667072428483,-10790000.0,,,3.4285714285714284,0.3449635324265721,6219200.0,False,True,True,True
25/26,Sunderland,83,68016000.0,100%,45,70044000.0,1556533.3333333333,1040000.0,5720000.0,26000.0,1442660.3203803727,22880000.0,38,102.98165137614679,-2028000.0,,,5.5,0.3266518188567186,5694000.0,False,False,False,False
25/26,Bournemouth,65,62764000.0,89%,36,66014000.0,1833722.2222222222,1820000.0,4420000.0,104000.0,1217280.6369963952,19240000.0,29,105.17812758906379,-3250000.0,,,2.4285714285714284,0.29145332808192204,4316000.0,False,True,False,True
25/26,Brighton,72,60905000.0,93%,34,71045000.0,2089558.8235294118,2210000.0,4680000.0,39000.0,1400644.9854345021,21450000.0,38,116.64887940234792,-10140000.0,,,2.1176470588235294,0.3019213174748399,4641000.0,False,True,True,True
25/26,Leeds United,56,59306000.0,92%,28,59982000.0,2142214.285714286,2080000.0,5200000.0,26000.0,1262150.350765117,21710000.0,28,101.13985094256905,-676000.0,,,2.5,0.36194191590810576,5174000.0,False,False,False,False
25/26,Burnley,74,55190000.0,100%,38,55190000.0,1452368.4210526317,1300000.0,3900000.0,30000.0,1000490.3506173965,14820000.0,36,100.0,0.0,,,3.0,0.26852690704837834,3870000.0,False,False,False,False
25/26,Brentford,73,54301000.0,94%,39,57525000.0,1475000.0,1300000.0,3900000.0,39000.0,1183668.405735678,18460000.0,34,105.93727555661958,-3224000.0,,,3.0,0.32090395480225986,3861000.0,False,True,False,True
26/27,Manchester City,31,209924000.0,65%,27,209924000.0,7774962.962962963,6760000.0,27300000.0,364000.0,6519911.428619028,86580000.0,4,100.0,0.0,,,4.038461538461538,0.412434976467674,26936000.0,False,False,False,False
26/27,Arsenal,30,191100000.0,57%,26,191100000.0,7350000.0,6500000.0,15600000.0,1820000.0,4222296.057833938,69420000.0,4,100.0,0.0,,,2.4,0.363265306122449,13780000.0,False,False,False,False
26/27,Liverpool,30,177840000.0,67%,28,177840000.0,6351428.571428572,4420000.0,18200000.0,156000.0,5039395.814965738,73320000.0,2,100.0,0.0,,,4.117647058823529,0.41228070175438597,18044000.0,False,False,False,False
26/27,Manchester Utd,30,155038000.0,38%,26,155038000.0,5963000.0,6240000.0,15600000.0,208000.0,4284553.512327744,61100000.0,4,100.0,0.0,,,2.5,0.39409693107496224,15392000.0,False,False,False,False
26/27,Chelsea,43,147966000.0,67%,31,147966000.0,4773096.774193549,5200000.0,10400000.0,260000.0,3026603.8101568418,47840000.0,12,100.0,0.0,,,2.0,0.32331751888947463,10140000.0,False,False,False,False
26/27,Tottenham,34,129948000.0,72%,29,129948000.0,4480965.517241379,3900000.0,10400000.0,260000.0,2935873.178493419,45500000.0,5,100.0,0.0,,,2.6666666666666665,0.35014005602240894,10140000.0,False,False,False,False
26/27,Aston Villa,31,118820000.0,85%,27,118820000.0,4400740.740740741,5200000.0,7800000.0,260000.0,2445325.093891364,36920000.0,4,100.0,0.0,,,1.5,0.31072210065645517,7540000.0,False,False,False,False
26/27,Newcastle,29,88322000.0,85%,25,88322000.0,3532880.0,3120000.0,7800000.0,156000.0,2353398.824395616,35490000.0,4,100.0,0.0,,,2.5,0.4018251398292611,7644000.0,False,False,False,False
26/27,Nottingham,32,79066000.0,90%,29,79066000.0,2726413.793103448,2340000.0,5720000.0,416000.0,1454236.7049722923,25220000.0,3,100.0,0.0,,,2.4444444444444446,0.31897402170338707,5304000.0,False,False,False,False
26/27,Brighton,38,69706000.0,89%,33,69706000.0,2112303.0303030303,2080000.0,4680000.0,260000.0,1372870.6349481838,21710000.0,5,100.0,0.0,,,2.25,0.3114509511376352,4420000.0,False,False,False,False
26/27,Crystal Palace,32,65078000.0,93%,27,65078000.0,2410296.296296296,2080000.0,6240000.0,78000.0,1707384.6579990021,25220000.0,5,100.0,0.0,,,3.0,0.3875349580503396,6162000.0,False,False,False,False
26/27,Sunderland,37,60684000.0,100%,35,60684000.0,1733828.5714285714,1300000.0,5720000.0,260000.0,1399287.328811145,21580000.0,2,100.0,0.0,,,4.4,0.3556126820908312,5460000.0,False,False,False,False
26/27,Fulham,24,60320000.0,90%,20,60320000.0,3016000.0,2990000.0,6760000.0,780000.0,1452280.96455197,24440000.0,4,100.0,0.0,,,2.260869565217391,0.4051724137931034,5980000.0,False,False,False,False
26/27,Bournemouth,34,59826000.0,93%,30,59826000.0,1994200.0,1950000.0,4420000.0,156000.0,1237781.3689183479,19500000.0,4,100.0,0.0,,,2.2666666666666666,0.3259452411994785,4264000.0,False,False,False,False
26/27,Everton,22,58978400.0,95%,20,58978400.0,2948920.0,2340000.0,7800000.0,62400.0,2094997.1289014367,29120000.0,2,100.0,0.0,,,3.3333333333333335,0.4937400811144419,7737600.0,False,False,False,False
26/27,Leeds United,27,55042000.0,88%,24,55042000.0,2293416.6666666665,2080000.0,5200000.0,52000.0,1388993.4396397697,22230000.0,3,100.0,0.0,,,2.5,0.403873405762872,5148000.0,False,False,False,False
26/27,Brentford,31,50596000.0,96%,29,50596000.0,1744689.6551724137,1560000.0,3900000.0,260000.0,1162471.7847097646,17680000.0,2,100.0,0.0,,,2.5,0.3494347379239466,3640000.0,False,False,False,False
26/27,Ipswich Town,34,29900000.0,100%,27,29900000.0,1107407.4074074074,1300000.0,1820000.0,156000.0,452651.6115971326,8320000.0,7,100.0,0.0,,,1.4,0.2782608695652174,1664000.0,False,False,False,False
26/27,Hull City,31,18431400.0,100%,28,18431400.0,658264.2857142857,585000.0,1820000.0,62400.0,434319.6639908221,6760000.0,3,100.0,0.0,,,3.111111111111111,0.3667654112004514,1757600.0,False,False,False,False
26/27,Coventry City,26,15756000.0,100%,25,15756000.0,630240.0,520000.0,1300000.0,78000.0,389947.9965328711,6240000.0,1,100.0,0.0,,,2.5,0.39603960396039606,1222000.0,False,False,False,False
