Season,Position,Club,Played,Wins,Draws,Losses,GF,GA,GD,Points,club_id,SummerSpend,SummerIncome,NetSpend,RecoveredIncomingFees,RecoveredOutgoingFees,InternalIncomingMoves,InternalOutgoingMoves,UnknownIncomingFees,UnknownOutgoingFees,NoFeeIncomingMoves,NoFeeOutgoingMoves,NotFoundIncomingFees,NotFoundOutgoingFees
05/06,1,Chelsea,38,29,4,5,72.0,22.0,50.0,91,631,0.0,0.0,0.0,0,0,0,0,0,0,0,0,0,0
05/06,2,Man United,38,25,8,5,72.0,34.0,38.0,83,985,0.0,0.0,0.0,0,0,0,0,0,0,0,0,0,0
05/06,3,Liverpool,38,25,7,6,57.0,25.0,32.0,82,31,9800000.0,0.0,9800000.0,0,0,0,0,0,0,0,0,0,0
05/06,4,Arsenal,38,20,7,11,68.0,31.0,37.0,67,11,500000.0,0.0,500000.0,0,0,0,0,0,0,0,0,0,0
05/06,5,Tottenham,38,18,11,9,53.0,38.0,15.0,65,148,0.0,0.0,0.0,0,0,0,0,0,0,0,0,0,0
05/06,6,Blackburn,38,19,6,13,51.0,42.0,9.0,63,164,0.0,0.0,0.0,0,0,0,0,0,0,0,0,0,0
05/06,7,Newcastle,38,17,7,14,47.0,42.0,5.0,58,762,0.0,0.0,0.0,0,0,0,0,0,0,0,0,0,0
05/06,8,Bolton,38,15,11,12,49.0,41.0,8.0,56,355,0.0,0.0,0.0,0,0,0,0,0,0,0,0,0,0
05/06,9,West Ham,38,16,7,15,52.0,55.0,-3.0,55,379,0.0,0.0,0.0,0,0,0,0,0,0,0,0,0,0
05/06,10,Wigan,38,15,6,17,45.0,52.0,-7.0,51,1071,0.0,0.0,0.0,0,0,0,0,0,0,0,0,0,0
05/06,11,Everton,38,14,8,16,34.0,49.0,-15.0,50,29,375000.0,0.0,375000.0,0,0,0,0,0,0,0,0,0,0
05/06,12,Fulham,38,14,6,18,48.0,58.0,-10.0,48,931,0.0,0.0,0.0,0,0,0,0,0,0,0,0,0,0
05/06,13,Charlton,38,13,8,17,41.0,55.0,-14.0,47,358,0.0,0.0,0.0,0,0,1,0,0,0,0,0,0,0
05/06,14,Middlesbrough,38,12,9,17,48.0,58.0,-10.0,45,641,0.0,0.0,0.0,0,0,0,0,0,0,0,0,0,0
05/06,15,Man City,38,13,4,21,43.0,48.0,-5.0,43,281,0.0,0.0,0.0,0,0,0,0,0,0,0,0,0,0
05/06,16,Aston Villa,38,10,12,16,42.0,55.0,-13.0,42,405,0.0,0.0,0.0,0,0,0,0,0,0,0,0,0,0
05/06,17,Portsmouth,38,10,8,20,37.0,62.0,-25.0,38,1020,0.0,0.0,0.0,0,0,1,0,0,0,0,0,0,0
05/06,18,Birmingham,38,8,10,20,28.0,50.0,-22.0,34,337,0.0,0.0,0.0,0,0,1,0,0,0,0,0,0,0
05/06,19,West Brom,38,7,9,22,31.0,58.0,-27.0,30,984,0.0,0.0,0.0,0,0,0,0,0,0,0,0,0,0
05/06,20,Sunderland,38,3,6,29,26.0,69.0,-43.0,15,289,0.0,0.0,0.0,0,0,0,0,0,0,0,0,0,0
06/07,1,Man United,38,28,5,5,83.0,27.0,56.0,89,985,0.0,0.0,0.0,0,0,1,0,0,0,0,0,0,0
06/07,2,Chelsea,38,24,11,3,64.0,24.0,40.0,83,631,0.0,0.0,0.0,0,0,0,0,0,0,0,0,0,0
06/07,3,Liverpool,38,20,8,10,57.0,27.0,30.0,68,31,0.0,0.0,0.0,0,0,0,0,0,0,0,0,0,0
06/07,4,Arsenal,38,19,11,8,63.0,35.0,28.0,68,11,0.0,0.0,0.0,0,0,0,0,0,0,0,0,0,0
06/07,5,Tottenham,38,17,9,12,57.0,54.0,3.0,60,148,0.0,0.0,0.0,0,0,0,0,0,0,0,0,0,0
06/07,6,Everton,38,15,13,10,52.0,36.0,16.0,58,29,0.0,0.0,0.0,0,0,0,0,0,0,0,0,0,0
06/07,7,Bolton,38,16,8,14,47.0,52.0,-5.0,56,355,0.0,0.0,0.0,0,0,1,0,0,0,0,0,0,0
06/07,8,Reading,38,16,7,15,52.0,47.0,5.0,55,1032,0.0,0.0,0.0,0,0,0,0,0,0,0,0,0,0
06/07,9,Portsmouth,38,14,12,12,45.0,42.0,3.0,54,1020,0.0,0.0,0.0,0,0,0,0,0,0,0,0,0,0
06/07,10,Blackburn,38,15,7,16,52.0,54.0,-2.0,52,164,0.0,0.0,0.0,0,0,0,0,0,0,0,0,0,0
06/07,11,Aston Villa,38,11,17,10,43.0,41.0,2.0,50,405,0.0,0.0,0.0,0,0,0,0,0,0,0,0,0,0
06/07,12,Middlesbrough,38,12,10,16,44.0,49.0,-5.0,46,641,0.0,0.0,0.0,0,0,0,0,0,0,0,0,0,0
06/07,13,Newcastle,38,11,10,17,38.0,47.0,-9.0,43,762,0.0,0.0,0.0,0,0,0,0,0,0,0,0,0,0
06/07,14,Man City,38,11,9,18,29.0,44.0,-15.0,42,281,900000.0,0.0,900000.0,0,0,0,0,0,0,0,0,0,0
06/07,15,West Ham,38,12,5,21,35.0,59.0,-24.0,41,379,0.0,0.0,0.0,0,0,0,0,0,0,0,0,0,0
06/07,16,Fulham,38,8,15,15,38.0,60.0,-22.0,39,931,0.0,0.0,0.0,0,0,0,0,0,0,0,0,0,0
06/07,17,Wigan,38,10,8,20,37.0,59.0,-22.0,38,1071,0.0,0.0,0.0,0,0,0,0,0,0,0,0,0,0
06/07,18,Sheffield United,38,10,8,20,32.0,55.0,-23.0,38,350,0.0,0.0,0.0,0,0,0,0,0,0,0,0,0,0
06/07,19,Charlton,38,8,10,20,34.0,60.0,-26.0,34,358,0.0,0.0,0.0,0,0,0,0,0,0,0,0,0,0
06/07,20,Watford,38,5,13,20,29.0,59.0,-30.0,28,1010,0.0,0.0,0.0,0,0,0,0,0,0,0,0,0,0
07/08,1,Man United,38,27,6,5,80.0,22.0,58.0,87,985,25500000.0,0.0,25500000.0,0,0,0,0,0,0,0,0,0,0
07/08,2,Chelsea,38,25,10,3,65.0,26.0,39.0,85,631,0.0,0.0,0.0,0,0,0,0,0,0,0,0,0,0
07/08,3,Arsenal,38,24,11,3,74.0,31.0,43.0,83,11,4350000.0,0.0,4350000.0,0,0,0,0,0,0,0,0,0,0
07/08,4,Liverpool,38,21,13,4,67.0,28.0,39.0,76,31,0.0,0.0,0.0,0,0,0,0,0,0,0,0,0,0
07/08,5,Everton,38,19,8,11,55.0,33.0,22.0,65,29,0.0,0.0,0.0,0,0,0,0,0,0,0,0,0,0
07/08,6,Aston Villa,38,16,12,10,71.0,51.0,20.0,60,405,0.0,5900000.0,-5900000.0,0,0,0,0,0,0,0,0,0,0
07/08,7,Blackburn,38,15,13,10,50.0,48.0,2.0,58,164,0.0,0.0,0.0,0,0,0,0,0,0,0,0,0,0
07/08,8,Portsmouth,38,16,9,13,48.0,40.0,8.0,57,1020,0.0,0.0,0.0,0,0,0,0,0,0,0,0,0,0
07/08,9,Man City,38,15,10,13,45.0,53.0,-8.0,55,281,0.0,0.0,0.0,0,0,1,0,0,0,0,0,0,0
07/08,10,West Ham,38,13,10,15,42.0,50.0,-8.0,49,379,0.0,0.0,0.0,0,0,1,0,0,0,0,0,0,0
07/08,11,Tottenham,38,11,13,14,66.0,61.0,5.0,46,148,0.0,0.0,0.0,0,0,0,0,0,0,0,0,0,0
07/08,12,Newcastle,38,11,10,17,45.0,65.0,-20.0,43,762,0.0,0.0,0.0,0,0,1,0,0,0,0,0,0,0
07/08,13,Middlesbrough,38,10,12,16,43.0,53.0,-10.0,42,641,0.0,0.0,0.0,0,0,0,0,0,0,0,0,0,0
07/08,14,Wigan,38,10,10,18,34.0,51.0,-17.0,40,1071,0.0,0.0,0.0,0,0,0,0,0,0,0,0,0,0
07/08,15,Sunderland,38,11,6,21,36.0,59.0,-23.0,39,289,10820000.0,0.0,10820000.0,0,0,0,0,0,0,0,0,0,0
07/08,16,Bolton,38,9,10,19,36.0,54.0,-18.0,37,355,0.0,0.0,0.0,0,0,0,0,0,0,0,0,0,0
07/08,17,Fulham,38,8,12,18,38.0,60.0,-22.0,36,931,5900000.0,0.0,5900000.0,0,0,0,0,0,0,0,0,0,0
07/08,18,Reading,38,10,6,22,41.0,66.0,-25.0,36,1032,0.0,0.0,0.0,0,0,2,0,0,0,0,0,0,0
07/08,19,Birmingham,38,8,11,19,46.0,62.0,-16.0,35,337,0.0,0.0,0.0,0,0,0,0,0,0,0,0,0,0
07/08,20,Derby,38,1,8,29,20.0,89.0,-69.0,11,22,0.0,0.0,0.0,0,0,0,0,0,0,0,0,0,0
08/09,1,Man United,38,28,6,4,68.0,24.0,44.0,90,985,0.0,0.0,0.0,0,0,1,0,0,0,0,0,0,0
08/09,2,Liverpool,38,25,11,2,77.0,27.0,50.0,86,31,250000.0,4000000.0,-3750000.0,0,0,0,0,0,0,0,0,0,0
08/09,3,Chelsea,38,25,8,5,68.0,24.0,44.0,83,631,0.0,0.0,0.0,0,0,1,0,0,0,0,0,0,0
08/09,4,Arsenal,38,20,12,6,68.0,37.0,31.0,72,11,0.0,0.0,0.0,0,0,1,0,0,0,0,0,0,0
08/09,5,Everton,38,17,12,9,55.0,37.0,18.0,63,29,0.0,0.0,0.0,0,0,0,0,0,0,0,0,0,0
08/09,6,Aston Villa,38,17,11,10,54.0,48.0,6.0,62,405,15000000.0,0.0,15000000.0,0,0,0,0,0,0,0,0,0,0
08/09,7,Fulham,38,14,11,13,39.0,34.0,5.0,53,931,0.0,3950000.0,-3950000.0,0,0,0,0,0,0,0,0,0,0
08/09,8,Tottenham,38,14,9,15,45.0,45.0,0.0,51,148,22500000.0,0.0,22500000.0,0,0,3,0,0,0,0,0,0,0
08/09,9,West Ham,38,14,9,15,42.0,45.0,-3.0,51,379,0.0,0.0,0.0,0,0,0,0,0,0,0,0,0,0
08/09,10,Man City,38,15,5,18,58.0,50.0,8.0,50,281,0.0,0.0,0.0,0,0,0,0,0,0,0,0,0,0
08/09,11,Wigan,38,12,9,17,34.0,45.0,-11.0,45,1071,0.0,0.0,0.0,0,0,0,0,0,0,0,0,0,0
08/09,12,Stoke,38,12,9,17,38.0,55.0,-17.0,45,512,0.0,0.0,0.0,0,0,0,0,0,0,0,0,0,0
08/09,13,Bolton,38,11,8,19,41.0,53.0,-12.0,41,355,0.0,0.0,0.0,0,0,0,0,0,0,0,0,0,0
08/09,14,Portsmouth,38,10,11,17,38.0,57.0,-19.0,41,1020,0.0,0.0,0.0,0,0,2,0,0,0,0,0,0,0
08/09,15,Blackburn,38,10,11,17,40.0,60.0,-20.0,41,164,0.0,0.0,0.0,0,0,0,0,0,0,0,0,0,0
08/09,16,Sunderland,38,9,9,20,34.0,54.0,-20.0,36,289,0.0,0.0,0.0,0,0,1,0,0,0,0,0,0,0
08/09,17,Hull,38,8,11,19,39.0,64.0,-25.0,35,3008,0.0,0.0,0.0,0,0,0,0,0,0,0,0,0,0
08/09,18,Newcastle,38,7,13,18,40.0,59.0,-19.0,34,762,0.0,15000000.0,-15000000.0,0,0,1,0,0,0,0,0,0,0
08/09,19,Middlesbrough,38,7,11,20,28.0,57.0,-29.0,32,641,0.0,0.0,0.0,0,0,1,0,0,0,0,0,0,0
08/09,20,West Brom,38,8,8,22,36.0,67.0,-31.0,32,984,4000000.0,0.0,4000000.0,0,0,0,0,0,0,0,0,0,0
09/10,1,Chelsea,38,27,5,6,103.0,32.0,71.0,86,631,1750000.0,0.0,1750000.0,0,0,2,0,0,0,0,0,0,0
09/10,2,Man United,38,27,4,7,86.0,28.0,58.0,85,985,0.0,94000000.0,-94000000.0,0,0,0,0,0,0,0,0,0,0
09/10,3,Arsenal,38,23,6,9,83.0,41.0,42.0,75,11,0.0,0.0,0.0,0,0,0,0,0,0,0,0,0,0
09/10,4,Tottenham,38,21,7,10,67.0,41.0,26.0,70,148,5900000.0,0.0,5900000.0,0,0,0,0,0,0,0,0,0,0
09/10,5,Man City,38,18,13,7,73.0,45.0,28.0,67,281,0.0,0.0,0.0,0,0,0,0,0,0,0,0,0,0
09/10,6,Aston Villa,38,17,13,8,52.0,39.0,13.0,64,405,0.0,0.0,0.0,0,0,0,0,0,0,0,0,0,0
09/10,7,Liverpool,38,18,9,11,61.0,35.0,26.0,63,31,0.0,0.0,0.0,0,0,1,0,0,0,0,0,0,0
09/10,8,Everton,38,16,13,9,60.0,49.0,11.0,61,29,0.0,0.0,0.0,0,0,0,0,0,0,0,0,0,0
09/10,9,Birmingham,38,13,11,14,38.0,47.0,-9.0,50,337,100000.0,0.0,100000.0,0,0,0,0,0,0,0,0,0,0
09/10,10,Blackburn,38,13,11,14,41.0,55.0,-14.0,50,164,580000.0,0.0,580000.0,0,0,1,0,0,0,0,0,0,0
09/10,11,Stoke,38,11,14,13,34.0,48.0,-14.0,47,512,0.0,0.0,0.0,0,0,0,0,0,0,0,0,0,0
09/10,12,Fulham,38,12,10,16,39.0,46.0,-7.0,46,931,0.0,0.0,0.0,0,0,0,0,0,0,0,0,0,0
09/10,13,Sunderland,38,11,11,16,48.0,56.0,-8.0,44,289,0.0,0.0,0.0,0,0,0,0,0,0,0,0,0,0
09/10,14,Bolton,38,10,9,19,42.0,67.0,-25.0,39,355,2500000.0,0.0,2500000.0,0,0,0,0,0,0,0,0,0,0
09/10,15,Wolves,38,9,11,18,32.0,56.0,-24.0,38,543,0.0,0.0,0.0,0,0,0,0,0,0,0,0,0,0
09/10,16,Wigan,38,9,9,20,37.0,79.0,-42.0,36,1071,5100000.0,0.0,5100000.0,0,0,0,0,0,0,0,0,0,0
09/10,17,West Ham,38,8,11,19,47.0,66.0,-19.0,35,379,0.0,0.0,0.0,0,0,0,0,0,0,0,0,0,0
09/10,18,Burnley,38,8,6,24,42.0,82.0,-40.0,30,1132,0.0,0.0,0.0,0,0,0,0,0,0,0,0,0,0
09/10,19,Hull,38,6,12,20,34.0,75.0,-41.0,30,3008,0.0,0.0,0.0,0,0,1,0,0,0,0,0,0,0
09/10,20,Portsmouth,38,7,7,24,34.0,66.0,-32.0,28,1020,0.0,0.0,0.0,0,0,0,0,0,0,0,0,0,0
10/11,1,Man United,38,23,11,4,78.0,37.0,41.0,80,985,16800000.0,9500000.0,7300000.0,0,0,0,0,0,0,0,0,0,0
10/11,2,Chelsea,38,21,8,9,69.0,33.0,36.0,71,631,0.0,0.0,0.0,0,0,0,0,0,0,0,0,0,0
10/11,3,Man City,38,21,8,9,60.0,33.0,27.0,71,281,64000000.0,0.0,64000000.0,0,0,2,0,0,0,0,0,0,0
10/11,4,Arsenal,38,19,11,8,72.0,43.0,29.0,68,11,0.0,0.0,0.0,0,0,0,0,0,0,0,0,0,0
10/11,5,Tottenham,38,16,14,8,55.0,46.0,9.0,62,148,0.0,0.0,0.0,0,0,2,0,0,0,0,0,0,0
10/11,6,Liverpool,38,17,7,14,59.0,44.0,15.0,58,31,4750000.0,0.0,4750000.0,0,0,0,0,0,0,0,0,0,0
10/11,7,Everton,38,13,15,10,51.0,45.0,6.0,54,29,0.0,600000.0,-600000.0,0,0,0,0,0,0,0,0,0,0
10/11,8,Fulham,38,11,16,11,49.0,43.0,6.0,49,931,0.0,8000000.0,-8000000.0,0,0,0,0,0,0,0,0,0,0
10/11,9,Aston Villa,38,12,12,14,48.0,59.0,-11.0,48,405,0.0,22000000.0,-22000000.0,0,0,0,0,0,0,0,0,0,0
10/11,10,Sunderland,38,12,11,15,45.0,56.0,-11.0,47,289,2500000.0,0.0,2500000.0,0,0,0,0,0,0,0,0,0,0
10/11,11,West Brom,38,12,11,15,56.0,71.0,-15.0,47,984,300000.0,0.0,300000.0,0,0,0,0,0,0,0,0,0,0
10/11,12,Newcastle,38,11,13,14,56.0,57.0,-1.0,46,762,0.0,0.0,0.0,0,0,0,0,0,0,0,0,0,0
10/11,13,Stoke,38,13,7,18,46.0,48.0,-2.0,46,512,0.0,0.0,0.0,0,0,0,0,0,0,0,0,0,0
10/11,14,Bolton,38,12,10,16,52.0,56.0,-4.0,46,355,2400000.0,1400000.0,1000000.0,0,0,0,0,0,0,0,0,0,0
10/11,15,Blackburn,38,11,10,17,46.0,59.0,-13.0,43,164,0.0,0.0,0.0,0,0,0,0,0,0,0,0,0,0
10/11,16,Wigan,38,9,15,14,40.0,61.0,-21.0,42,1071,0.0,0.0,0.0,0,0,0,0,0,0,0,0,0,0
10/11,17,Wolves,38,11,7,20,46.0,66.0,-20.0,40,543,90000.0,0.0,90000.0,0,0,0,0,0,0,0,0,0,0
10/11,18,Birmingham,38,8,15,15,37.0,58.0,-21.0,39,337,0.0,0.0,0.0,0,0,0,0,0,0,0,0,0,0
10/11,19,Blackpool,38,10,9,19,55.0,78.0,-23.0,39,1181,1400000.0,0.0,1400000.0,0,0,0,0,0,0,0,0,0,0
10/11,20,West Ham,38,7,12,19,43.0,70.0,-27.0,33,379,0.0,0.0,0.0,0,0,0,0,0,0,0,0,0,0
11/12,1,Man City,38,28,5,5,93.0,29.0,64.0,89,281,12000000.0,13500000.0,-1500000.0,0,0,0,0,0,0,0,0,0,0
11/12,2,Man United,38,28,5,5,89.0,33.0,56.0,89,985,43000000.0,0.0,43000000.0,0,0,1,0,0,0,0,0,0,0
11/12,3,Arsenal,38,21,7,10,74.0,49.0,25.0,70,11,14800000.0,0.0,14800000.0,0,0,2,0,0,0,0,0,0,0
11/12,4,Tottenham,38,20,9,9,66.0,41.0,25.0,69,148,0.0,0.0,0.0,0,0,2,0,0,0,0,0,0,0
11/12,5,Newcastle,38,19,8,11,56.0,51.0,5.0,65,762,0.0,0.0,0.0,0,0,1,0,0,0,0,0,0,0
11/12,6,Chelsea,38,18,10,10,65.0,46.0,19.0,64,631,55250000.0,5000000.0,50250000.0,0,0,0,0,0,0,0,0,0,0
11/12,7,Everton,38,15,11,12,50.0,40.0,10.0,56,29,0.0,0.0,0.0,0,0,2,0,0,0,0,0,0,0
11/12,8,Liverpool,38,14,10,14,47.0,40.0,7.0,52,31,30000000.0,0.0,30000000.0,0,0,1,0,0,0,0,0,0,0
11/12,9,Fulham,38,14,10,14,48.0,51.0,-3.0,52,931,1600000.0,0.0,1600000.0,0,0,0,0,1,0,0,0,0,0
11/12,10,West Brom,38,13,8,17,45.0,52.0,-7.0,47,984,0.0,2200000.0,-2200000.0,0,0,0,0,0,0,0,0,0,0
11/12,11,Swansea,38,12,11,15,44.0,51.0,-7.0,47,2288,0.0,0.0,0.0,0,0,0,0,0,0,0,0,0,0
11/12,12,Norwich,38,12,11,15,52.0,66.0,-14.0,47,1123,0.0,0.0,0.0,0,0,0,0,0,0,0,0,0,0
11/12,13,Sunderland,38,11,12,15,45.0,46.0,-1.0,45,289,2400000.0,18000000.0,-15600000.0,0,0,1,0,0,0,0,0,0,0
11/12,14,Stoke,38,11,12,15,36.0,53.0,-17.0,45,512,0.0,0.0,0.0,0,0,0,0,0,0,0,0,0,0
11/12,15,Wigan,38,11,10,17,42.0,62.0,-20.0,43,1071,0.0,0.0,0.0,0,0,0,0,0,0,0,0,0,0
11/12,16,Aston Villa,38,7,17,14,37.0,53.0,-16.0,38,405,0.0,18000000.0,-18000000.0,0,0,2,0,0,0,0,0,0,0
11/12,17,QPR,38,10,7,21,43.0,66.0,-23.0,37,1039,0.0,0.0,0.0,0,0,0,0,0,0,0,0,0,0
11/12,18,Bolton,38,10,6,22,46.0,77.0,-31.0,36,355,0.0,0.0,0.0,0,0,0,0,0,0,0,0,0,0
11/12,19,Blackburn,38,8,7,23,48.0,78.0,-30.0,31,164,0.0,0.0,0.0,0,0,0,0,0,0,0,0,0,0
11/12,20,Wolves,38,5,10,23,40.0,82.0,-42.0,25,543,0.0,0.0,0.0,0,0,0,0,0,0,0,0,0,0
12/13,1,Man United,38,28,5,5,86.0,43.0,43.0,89,985,21500000.0,1250000.0,20250000.0,0,0,0,0,0,0,0,0,0,0
12/13,2,Man City,38,23,9,6,66.0,34.0,32.0,78,281,15200000.0,0.0,15200000.0,0,0,1,0,0,0,0,0,0,0
12/13,3,Chelsea,38,22,9,7,75.0,39.0,36.0,75,631,20800000.0,0.0,20800000.0,0,0,0,0,0,0,0,0,0,0
12/13,4,Arsenal,38,21,10,7,72.0,37.0,35.0,73,11,46000000.0,0.0,46000000.0,0,0,2,0,0,0,0,0,0,0
12/13,5,Tottenham,38,21,9,8,66.0,46.0,20.0,72,148,35100000.0,35000000.0,100000.0,0,0,0,0,0,0,0,0,0,0
12/13,6,Everton,38,16,15,7,55.0,40.0,15.0,63,29,250000.0,0.0,250000.0,0,0,0,0,0,0,0,0,0,0
12/13,7,Liverpool,38,16,13,9,71.0,43.0,28.0,61,31,19000000.0,0.0,19000000.0,0,0,2,0,0,0,0,0,0,0
12/13,8,West Brom,38,14,7,17,53.0,57.0,-4.0,49,984,0.0,0.0,0.0,0,0,0,0,0,0,0,0,0,0
12/13,9,Swansea,38,11,13,14,47.0,51.0,-4.0,46,2288,7000000.0,19000000.0,-12000000.0,0,0,1,0,0,0,0,0,0,0
12/13,10,West Ham,38,12,10,16,45.0,53.0,-8.0,46,379,0.0,0.0,0.0,0,0,0,0,0,0,0,0,0,0
12/13,11,Norwich,38,10,14,14,41.0,58.0,-17.0,44,1123,0.0,0.0,0.0,0,0,1,0,0,0,0,0,0,0
12/13,12,Fulham,38,11,10,17,50.0,60.0,-10.0,43,931,0.0,0.0,0.0,0,0,1,0,0,0,0,0,0,0
12/13,13,Stoke,38,9,15,14,34.0,45.0,-11.0,42,512,4400000.0,0.0,4400000.0,0,0,0,0,0,0,0,0,0,0
12/13,14,Southampton,38,9,14,15,49.0,60.0,-11.0,41,180,18800000.0,0.0,18800000.0,0,0,2,0,0,0,0,0,0,0
12/13,15,Aston Villa,38,10,11,17,47.0,69.0,-22.0,41,405,2500000.0,0.0,2500000.0,0,0,0,0,0,0,0,0,0,0
12/13,16,Newcastle,38,11,8,19,45.0,68.0,-23.0,41,762,0.0,2500000.0,-2500000.0,0,0,1,0,0,0,0,0,0,0
12/13,17,Sunderland,38,9,12,17,41.0,54.0,-13.0,39,289,0.0,0.0,0.0,0,0,0,0,0,0,0,1,0,0
12/13,18,Wigan,38,9,9,20,47.0,73.0,-26.0,36,1071,0.0,11500000.0,-11500000.0,0,0,0,0,0,0,0,0,0,0
12/13,19,Reading,38,6,10,22,43.0,73.0,-30.0,28,1032,0.0,900000.0,-900000.0,0,0,0,0,0,0,0,0,0,0
12/13,20,QPR,38,4,13,21,30.0,60.0,-30.0,25,1039,3750000.0,0.0,3750000.0,0,0,0,0,0,0,0,0,0,0
13/14,1,Man City,38,27,5,6,102.0,37.0,65.0,86,281,71000000.0,0.0,71000000.0,0,0,0,0,0,0,0,0,0,0
13/14,2,Liverpool,38,26,6,6,101.0,50.0,51.0,84,31,48400000.0,5800000.0,42600000.0,0,0,0,0,0,0,0,0,0,0
13/14,3,Chelsea,38,25,7,6,71.0,27.0,44.0,82,631,49250000.0,3500000.0,45750000.0,0,0,0,0,0,0,0,0,0,0
13/14,4,Arsenal,38,24,7,7,68.0,41.0,27.0,79,11,500000.0,2400000.0,-1900000.0,0,0,2,0,0,0,0,0,0,0
13/14,5,Everton,38,21,9,8,61.0,39.0,22.0,72,29,19300000.0,0.0,19300000.0,0,0,0,0,0,0,0,0,0,0
13/14,6,Tottenham,38,21,6,11,55.0,51.0,4.0,69,148,72800000.0,0.0,72800000.0,0,0,0,0,0,0,0,0,0,0
13/14,7,Man United,38,19,7,12,64.0,43.0,21.0,64,985,0.0,0.0,0.0,0,0,1,0,0,0,0,0,0,0
13/14,8,Southampton,38,15,11,12,54.0,46.0,8.0,56,180,10000000.0,0.0,10000000.0,0,0,2,0,0,0,0,0,0,0
13/14,9,Stoke,38,13,11,14,45.0,52.0,-7.0,50,512,2800000.0,0.0,2800000.0,0,0,0,0,0,0,0,0,0,0
13/14,10,Newcastle,38,15,4,19,43.0,59.0,-16.0,49,762,0.0,0.0,0.0,0,0,0,0,0,0,0,0,0,0
13/14,11,Crystal Palace,38,13,6,19,33.0,48.0,-15.0,45,873,7300000.0,0.0,7300000.0,0,0,0,0,0,0,0,0,0,0
13/14,12,Swansea,38,11,9,18,54.0,54.0,0.0,42,2288,8700000.0,0.0,8700000.0,0,0,0,0,0,0,0,0,0,0
13/14,13,West Ham,38,11,7,20,40.0,51.0,-11.0,40,379,0.0,0.0,0.0,0,0,0,0,0,0,0,0,0,0
13/14,14,Sunderland,38,10,8,20,41.0,60.0,-19.0,38,289,7150000.0,10600000.0,-3450000.0,0,0,1,0,0,0,0,0,0,0
13/14,15,Aston Villa,38,10,8,20,39.0,61.0,-22.0,38,405,3500000.0,0.0,3500000.0,0,0,2,0,0,0,0,0,0,0
13/14,16,Hull,38,10,7,21,38.0,53.0,-15.0,37,3008,0.0,0.0,0.0,0,0,0,0,0,0,0,0,0,0
13/14,17,West Brom,38,7,15,16,43.0,59.0,-16.0,36,984,0.0,0.0,0.0,0,0,0,0,0,0,0,0,0,0
13/14,18,Norwich,38,8,9,21,28.0,62.0,-34.0,33,1123,17800000.0,0.0,17800000.0,0,0,0,0,0,0,0,0,0,0
13/14,19,Fulham,38,9,5,24,40.0,85.0,-45.0,32,931,0.0,0.0,0.0,0,0,1,0,0,0,0,0,0,0
13/14,20,Cardiff,38,7,9,22,32.0,74.0,-42.0,30,603,11375000.0,0.0,11375000.0,0,0,1,0,0,0,0,0,0,0
14/15,1,Chelsea,38,26,9,3,73.0,32.0,41.0,87,631,2500000.0,37260000.0,-34760000.0,0,0,0,0,0,0,0,0,0,0
14/15,2,Man City,38,24,7,7,83.0,38.0,45.0,79,281,62500000.0,0.0,62500000.0,0,0,1,0,0,0,0,0,0,0
14/15,3,Arsenal,38,22,9,7,71.0,36.0,35.0,75,11,86730000.0,1900000.0,84830000.0,0,0,1,0,0,0,0,0,0,0
14/15,4,Man United,38,20,10,8,62.0,37.0,25.0,70,985,187750000.0,31000000.0,156750000.0,0,0,2,0,0,0,0,0,0,0
14/15,5,Tottenham,38,19,7,12,58.0,53.0,5.0,64,148,36150000.0,10350000.0,25800000.0,0,0,0,0,0,0,0,0,0,0
14/15,6,Liverpool,38,18,8,12,52.0,48.0,4.0,62,31,143930000.0,85970000.0,57960000.0,0,0,0,0,0,0,0,0,0,0
14/15,7,Southampton,38,18,6,14,54.0,33.0,21.0,60,180,49500000.0,114030000.0,-64530000.0,0,0,2,0,0,0,0,0,0,0
14/15,8,Swansea,38,16,8,14,46.0,49.0,-3.0,56,2288,11990000.0,12650000.0,-660000.0,0,0,0,0,0,0,1,0,0,0
14/15,9,Stoke,38,15,9,14,48.0,45.0,3.0,54,512,0.0,0.0,0.0,0,0,0,0,0,0,0,0,0,0
14/15,10,Crystal Palace,38,13,9,16,47.0,51.0,-4.0,48,873,0.0,1800000.0,-1800000.0,0,0,0,0,0,0,0,0,0,0
14/15,11,Everton,38,12,11,15,48.0,50.0,-2.0,47,29,40160000.0,0.0,40160000.0,0,0,1,0,0,0,0,0,0,0
14/15,12,West Ham,38,12,11,15,44.0,47.0,-3.0,47,379,27250000.0,0.0,27250000.0,0,0,0,0,0,0,0,0,0,0
14/15,13,West Brom,38,11,11,16,38.0,51.0,-13.0,44,984,2400000.0,0.0,2400000.0,0,0,0,0,1,0,0,0,0,0
14/15,14,Leicester,38,11,8,19,46.0,55.0,-9.0,41,1003,1260000.0,0.0,1260000.0,0,0,0,0,0,0,0,0,0,0
14/15,15,Newcastle,38,10,9,19,40.0,63.0,-23.0,39,762,22000000.0,100000.0,21900000.0,0,0,1,0,0,0,0,0,0,0
14/15,16,Sunderland,38,7,17,14,31.0,53.0,-22.0,38,289,1900000.0,500000.0,1400000.0,0,0,0,0,0,0,0,0,0,0
14/15,17,Aston Villa,38,10,8,20,31.0,57.0,-26.0,38,405,0.0,0.0,0.0,0,0,0,0,0,0,0,0,0,0
14/15,18,Hull,38,8,11,19,33.0,51.0,-18.0,35,3008,6750000.0,0.0,6750000.0,0,0,0,0,0,0,0,0,0,0
14/15,19,Burnley,38,7,12,19,28.0,53.0,-25.0,33,1132,0.0,0.0,0.0,0,0,0,0,0,0,0,0,0,0
14/15,20,QPR,38,8,6,24,42.0,73.0,-31.0,30,1039,15050000.0,0.0,15050000.0,0,0,0,0,0,0,0,0,0,0
15/16,1,Leicester,38,23,12,3,68.0,36.0,32.0,81,1003,27000000.0,3600000.0,23400000.0,0,0,1,0,0,0,0,0,0,0
15/16,2,Arsenal,38,20,11,7,65.0,36.0,29.0,71,11,0.0,2500000.0,-2500000.0,0,0,2,0,0,0,0,0,0,0
15/16,3,Tottenham,38,19,13,6,69.0,35.0,34.0,70,148,65000000.0,31250000.0,33750000.0,0,0,0,0,0,0,0,0,0,0
15/16,4,Man City,38,19,9,10,71.0,41.0,30.0,66,281,189450000.0,52000000.0,137450000.0,0,0,1,0,0,0,0,0,0,0
15/16,5,Man United,38,19,9,10,49.0,35.0,14.0,66,985,147000000.0,78970000.0,68030000.0,0,0,2,0,0,0,0,0,0,0
15/16,6,Southampton,38,18,9,11,59.0,41.0,18.0,63,180,51700000.0,52700000.0,-1000000.0,0,0,0,0,0,0,0,0,0,0
15/16,7,West Ham,38,16,14,8,65.0,51.0,14.0,62,379,26500000.0,0.0,26500000.0,0,0,2,0,0,0,0,0,0,0
15/16,8,Liverpool,38,16,12,10,63.0,50.0,13.0,60,31,32000000.0,72500000.0,-40500000.0,0,0,2,0,0,0,0,0,0,0
15/16,9,Stoke,38,14,9,15,41.0,55.0,-14.0,51,512,25600000.0,19000000.0,6600000.0,0,0,0,0,0,0,0,0,0,0
15/16,10,Chelsea,38,12,14,12,59.0,53.0,6.0,50,631,75500000.0,21000000.0,54500000.0,0,0,1,0,0,0,0,0,0,0
15/16,11,Everton,38,11,14,13,59.0,55.0,4.0,47,29,19600000.0,0.0,19600000.0,0,0,0,0,0,0,0,0,0,0
15/16,12,Swansea,38,12,11,15,42.0,52.0,-10.0,47,2288,1200000.0,0.0,1200000.0,0,0,0,0,0,0,0,0,0,0
15/16,13,Watford,38,12,9,17,40.0,50.0,-10.0,45,1010,23800000.0,0.0,23800000.0,0,0,0,0,0,1,0,0,0,0
15/16,14,West Brom,38,10,13,15,34.0,48.0,-14.0,43,984,25300000.0,0.0,25300000.0,0,0,0,0,0,0,0,0,0,0
15/16,15,Crystal Palace,38,11,9,18,39.0,51.0,-12.0,42,873,4900000.0,0.0,4900000.0,0,0,0,0,0,0,0,0,0,0
15/16,16,Bournemouth,38,11,9,18,45.0,67.0,-22.0,42,989,21300000.0,0.0,21300000.0,0,0,0,0,0,0,0,0,0,0
15/16,17,Sunderland,38,9,12,17,48.0,62.0,-14.0,39,289,2800000.0,0.0,2800000.0,0,0,0,0,0,0,0,0,0,0
15/16,18,Newcastle,38,9,10,19,44.0,65.0,-21.0,37,762,69210000.0,600000.0,68610000.0,0,0,0,0,0,0,0,0,0,0
15/16,19,Norwich,38,9,7,22,39.0,67.0,-28.0,34,1123,9900000.0,0.0,9900000.0,0,0,0,0,0,0,0,0,0,0
15/16,20,Aston Villa,38,3,8,27,27.0,76.0,-49.0,17,405,52000000.0,3800000.0,48200000.0,0,0,0,0,0,0,0,0,0,0
16/17,1,Chelsea,38,30,3,5,85.0,33.0,52.0,93,631,97800000.0,29000000.0,68800000.0,0,0,1,0,0,0,0,0,0,0
16/17,2,Tottenham,38,26,8,4,86.0,26.0,60.0,86,148,57000000.0,30500000.0,26500000.0,0,0,2,0,0,0,0,0,0,0
16/17,3,Man City,38,23,9,6,80.0,39.0,41.0,78,281,165250000.0,12500000.0,152750000.0,0,0,4,0,0,0,0,0,0,0
16/17,4,Liverpool,38,22,10,6,78.0,42.0,36.0,76,31,74900000.0,23580000.0,51320000.0,0,0,2,0,0,0,0,0,0,0
16/17,5,Arsenal,38,23,6,9,77.0,44.0,33.0,75,11,72000000.0,5000000.0,67000000.0,0,0,0,0,0,0,0,0,0,0
16/17,6,Man United,38,18,15,5,54.0,29.0,25.0,69,985,185000000.0,5250000.0,179750000.0,0,0,0,0,0,0,0,0,0,0
16/17,7,Everton,38,17,10,11,62.0,44.0,18.0,61,29,39200000.0,55600000.0,-16400000.0,0,0,0,0,0,0,0,0,0,0
16/17,8,Southampton,38,12,10,16,41.0,48.0,-7.0,46,180,51900000.0,46200000.0,5700000.0,0,0,0,0,0,0,0,0,0,0
16/17,9,Bournemouth,38,12,10,16,55.0,67.0,-12.0,46,989,13500000.0,12000000.0,1500000.0,0,0,0,0,0,0,0,0,0,0
16/17,10,West Brom,38,12,9,17,43.0,51.0,-8.0,45,984,19900000.0,1200000.0,18700000.0,0,0,0,0,0,0,0,0,0,0
16/17,11,West Ham,38,12,9,17,47.0,64.0,-17.0,45,379,49600000.0,11700000.0,37900000.0,0,0,0,0,0,0,0,0,0,0
16/17,12,Leicester,38,12,8,18,48.0,63.0,-15.0,44,1003,74500000.0,49100000.0,25400000.0,0,0,1,0,0,0,0,0,0,0
16/17,13,Stoke,38,11,11,16,41.0,56.0,-15.0,44,512,19120000.0,0.0,19120000.0,0,0,0,0,0,0,0,0,0,0
16/17,14,Crystal Palace,38,12,5,21,50.0,63.0,-13.0,41,873,27300000.0,45600000.0,-18300000.0,0,0,0,0,0,0,0,0,0,0
16/17,15,Swansea,38,12,5,21,45.0,70.0,-25.0,41,2288,8100000.0,24100000.0,-16000000.0,0,0,0,0,0,0,0,0,0,0
16/17,16,Burnley,38,11,7,20,39.0,55.0,-16.0,40,1132,16100000.0,0.0,16100000.0,0,0,1,0,0,0,0,0,0,0
16/17,17,Watford,38,11,7,20,40.0,68.0,-28.0,40,1010,44450000.0,14100000.0,30350000.0,0,0,0,0,0,0,0,0,0,0
16/17,18,Hull,38,9,7,22,37.0,80.0,-43.0,34,3008,4100000.0,0.0,4100000.0,0,0,1,0,0,0,0,0,0,0
16/17,19,Middlesbrough,38,5,13,20,27.0,53.0,-26.0,28,641,18750000.0,0.0,18750000.0,0,0,0,0,0,0,0,0,0,0
16/17,20,Sunderland,38,6,6,26,29.0,69.0,-40.0,24,289,16250000.0,0.0,16250000.0,0,0,1,0,0,0,0,1,0,0
17/18,1,Man City,38,32,4,2,106.0,27.0,79.0,100,281,244700000.0,50950000.0,193750000.0,0,0,1,0,0,0,0,0,0,0
17/18,2,Man United,38,25,6,7,68.0,28.0,40.0,81,985,164400000.0,8500000.0,155900000.0,0,0,1,0,0,1,0,0,0,0
17/18,3,Tottenham,38,23,8,7,74.0,36.0,38.0,77,148,77500000.0,81900000.0,-4400000.0,0,0,1,0,0,0,1,0,0,0
17/18,4,Liverpool,38,21,12,5,84.0,38.0,46.0,75,31,89000000.0,28200000.0,60800000.0,0,0,0,0,0,0,0,0,0,0
17/18,5,Chelsea,38,21,7,10,62.0,38.0,24.0,70,631,168800000.0,109000000.0,59800000.0,0,0,2,0,0,0,0,0,0,0
17/18,6,Arsenal,38,19,6,13,74.0,51.0,23.0,63,11,53000000.0,67400000.0,-14400000.0,0,0,1,0,0,0,0,0,0,0
17/18,7,Burnley,38,14,12,12,36.0,39.0,-3.0,54,1132,25500000.0,48900000.0,-23400000.0,0,0,0,0,1,0,0,0,0,0
17/18,8,Everton,38,13,10,15,44.0,58.0,-14.0,49,29,158200000.0,96700000.0,61500000.0,0,0,2,0,0,0,0,0,0,0
17/18,9,Leicester,38,12,11,15,56.0,60.0,-4.0,47,1003,76900000.0,9500000.0,67400000.0,0,0,0,0,0,0,0,0,0,0
17/18,10,Newcastle,38,12,8,18,39.0,47.0,-8.0,44,762,31800000.0,14920000.0,16880000.0,0,0,0,0,0,0,0,0,0,0
17/18,11,Crystal Palace,38,11,11,16,45.0,55.0,-10.0,44,873,37200000.0,3000000.0,34200000.0,0,0,0,0,0,0,0,0,0,0
17/18,12,Bournemouth,38,11,11,16,45.0,61.0,-16.0,44,989,34300000.0,0.0,34300000.0,0,0,0,0,0,0,0,0,0,0
17/18,13,West Ham,38,10,12,16,48.0,68.0,-20.0,42,379,25300000.0,15350000.0,9950000.0,0,0,1,0,0,0,0,0,0,0
17/18,14,Watford,38,11,8,19,44.0,64.0,-20.0,41,1010,43900000.0,13000000.0,30900000.0,0,0,0,0,2,0,0,0,0,0
17/18,15,Brighton,38,9,13,16,34.0,54.0,-20.0,40,1237,23400000.0,0.0,23400000.0,0,0,0,0,0,0,0,0,0,0
17/18,16,Huddersfield,38,9,10,19,28.0,58.0,-30.0,37,1110,21000000.0,0.0,21000000.0,0,0,0,0,0,1,0,0,0,0
17/18,17,Southampton,38,7,15,16,37.0,56.0,-19.0,36,180,39250000.0,13700000.0,25550000.0,0,0,0,0,0,1,0,0,0,0
17/18,18,Swansea,38,8,9,21,28.0,56.0,-28.0,33,2288,0.0,63500000.0,-63500000.0,0,0,1,0,0,0,0,0,0,0
17/18,19,Stoke,38,7,12,19,35.0,68.0,-33.0,33,512,7700000.0,27800000.0,-20100000.0,0,0,0,0,0,0,0,0,0,0
17/18,20,West Brom,38,6,13,19,31.0,56.0,-25.0,31,984,36100000.0,0.0,36100000.0,0,0,0,0,0,0,0,0,0,0
18/19,1,Man City,38,32,2,4,95.0,23.0,72.0,98,281,71190000.0,27600000.0,43590000.0,0,0,2,0,0,0,0,0,0,0
18/19,2,Liverpool,38,30,7,1,89.0,22.0,67.0,97,31,192200000.0,14000000.0,178200000.0,0,0,2,0,0,0,0,0,0,0
18/19,3,Chelsea,38,21,9,8,63.0,39.0,24.0,72,631,137000000.0,35000000.0,102000000.0,0,0,0,0,0,0,0,0,0,0
18/19,4,Tottenham,38,23,2,13,67.0,39.0,28.0,71,148,0.0,0.0,0.0,0,0,1,0,0,0,0,0,0,0
18/19,5,Arsenal,38,21,7,10,73.0,51.0,22.0,70,11,77650000.0,8100000.0,69550000.0,0,0,1,0,0,0,0,0,0,0
18/19,6,Man United,38,19,9,10,65.0,54.0,11.0,66,985,81000000.0,23350000.0,57650000.0,0,0,1,0,0,0,0,0,0,0
18/19,7,Wolves,38,16,9,13,47.0,46.0,1.0,57,543,76600000.0,3400000.0,73200000.0,0,0,1,0,0,0,0,0,0,0
18/19,8,Everton,38,15,9,14,54.0,46.0,8.0,54,29,89650000.0,22500000.0,67150000.0,0,0,0,0,0,0,0,0,0,0
18/19,9,Leicester,38,15,7,16,51.0,48.0,3.0,52,1003,114600000.0,84300000.0,30300000.0,0,0,1,0,0,0,0,0,0,0
18/19,10,West Ham,38,15,7,16,52.0,55.0,-3.0,52,379,99400000.0,12400000.0,87000000.0,0,0,1,0,0,0,0,0,0,0
18/19,11,Watford,38,14,8,16,52.0,59.0,-7.0,50,1010,23350000.0,47700000.0,-24350000.0,0,0,0,0,0,0,0,0,0,0
18/19,12,Crystal Palace,38,14,7,17,51.0,53.0,-2.0,49,873,10700000.0,0.0,10700000.0,0,0,0,0,0,0,0,1,0,0
18/19,13,Newcastle,38,12,9,17,42.0,48.0,-6.0,45,762,25700000.0,47650000.0,-21950000.0,0,0,0,0,0,0,0,0,0,0
18/19,14,Bournemouth,38,13,6,19,56.0,70.0,-14.0,45,989,56800000.0,2000000.0,54800000.0,0,0,0,0,0,0,0,0,0,0
18/19,15,Burnley,38,11,7,20,45.0,68.0,-23.0,40,1132,16100000.0,0.0,16100000.0,0,0,1,0,0,0,0,0,0,0
18/19,16,Southampton,38,9,12,17,45.0,65.0,-20.0,39,180,62250000.0,13700000.0,48550000.0,0,0,0,0,0,0,0,0,0,0
18/19,17,Brighton,38,9,9,20,35.0,60.0,-25.0,36,1237,66220000.0,3400000.0,62820000.0,0,0,1,0,0,0,0,0,0,0
18/19,18,Cardiff,38,10,4,24,34.0,69.0,-35.0,34,603,11350000.0,0.0,11350000.0,0,0,0,0,0,0,0,0,0,0
18/19,19,Fulham,38,7,5,26,34.0,81.0,-47.0,26,931,49550000.0,0.0,49550000.0,0,0,0,0,0,0,0,0,0,0
18/19,20,Huddersfield,38,3,7,28,22.0,76.0,-54.0,16,1110,10000000.0,0.0,10000000.0,0,0,0,0,0,0,0,0,0,0
19/20,1,Liverpool,38,32,3,3,85.0,33.0,52.0,99,31,1900000.0,39300000.0,-37400000.0,0,0,2,0,0,0,0,1,0,0
19/20,2,Man City,38,26,3,9,102.0,35.0,67.0,81,281,166820000.0,59500000.0,107320000.0,0,0,3,0,0,0,0,0,0,0
19/20,3,Man United,38,18,12,8,66.0,36.0,30.0,66,985,159800000.0,76480000.0,83320000.0,0,0,4,0,0,0,0,0,0,0
19/20,4,Chelsea,38,20,6,12,69.0,54.0,15.0,66,631,45000000.0,14800000.0,30200000.0,0,0,2,0,0,0,0,0,0,0
19/20,5,Leicester,38,18,8,12,67.0,41.0,26.0,62,1003,104300000.0,88500000.0,15800000.0,0,0,0,0,0,0,0,0,1,0
19/20,6,Tottenham,38,16,11,11,61.0,47.0,14.0,59,148,100000000.0,31000000.0,69000000.0,0,0,1,0,0,0,0,0,0,0
19/20,7,Wolves,38,15,14,9,51.0,40.0,11.0,59,543,97100000.0,3400000.0,93700000.0,0,0,0,0,0,0,0,0,0,0
19/20,8,Arsenal,38,14,14,10,56.0,48.0,8.0,56,11,144100000.0,34900000.0,109200000.0,0,0,3,0,0,0,0,0,0,0
19/20,9,Sheffield United,38,14,12,12,39.0,39.0,0.0,54,350,34100000.0,0.0,34100000.0,0,0,0,0,0,0,1,0,0,0
19/20,10,Burnley,38,15,9,14,43.0,50.0,-7.0,54,1132,12750000.0,8800000.0,3950000.0,0,0,0,0,0,0,0,0,0,0
19/20,11,Southampton,38,15,7,16,51.0,60.0,-9.0,52,180,57500000.0,15500000.0,42000000.0,0,0,0,0,0,0,0,0,0,0
19/20,12,Everton,38,13,10,15,44.0,56.0,-12.0,49,29,107900000.0,87800000.0,20100000.0,0,0,1,0,0,0,0,0,0,0
19/20,13,Newcastle,38,11,11,16,38.0,58.0,-20.0,44,762,66900000.0,35640000.0,31260000.0,0,0,1,0,0,0,0,0,0,0
19/20,14,Crystal Palace,38,11,10,17,31.0,50.0,-19.0,43,873,6100000.0,55000000.0,-48900000.0,0,0,0,0,0,0,0,0,0,0
19/20,15,Brighton,38,9,14,15,39.0,54.0,-15.0,41,1237,53340000.0,0.0,53340000.0,0,0,1,0,0,0,0,0,0,0
19/20,16,West Ham,38,10,9,19,49.0,62.0,-13.0,39,379,89300000.0,45380000.0,43920000.0,0,0,0,0,0,0,0,0,0,0
19/20,17,Aston Villa,38,9,8,21,41.0,67.0,-26.0,35,405,119100000.0,0.0,119100000.0,0,0,0,0,0,1,0,0,0,0
19/20,18,Bournemouth,38,9,7,22,40.0,65.0,-25.0,34,989,47760000.0,33400000.0,14360000.0,0,0,1,0,0,0,0,0,0,0
19/20,19,Watford,38,8,10,20,36.0,64.0,-28.0,34,1010,36000000.0,20000000.0,16000000.0,0,0,0,0,0,0,0,0,0,0
19/20,20,Norwich,38,5,6,27,26.0,75.0,-49.0,21,1123,830000.0,1000000.0,-170000.0,0,0,1,0,1,0,0,0,0,0
20/21,1,Man City,38,27,5,6,83.0,32.0,51.0,86,281,167400000.0,64000000.0,103400000.0,0,0,0,0,0,0,0,0,0,0
20/21,2,Man United,38,21,11,6,73.0,44.0,29.0,74,985,62650000.0,15000000.0,47650000.0,0,0,3,0,0,0,0,0,0,0
20/21,3,Liverpool,38,20,9,9,68.0,42.0,26.0,69,31,80450000.0,15900000.0,64550000.0,0,0,2,0,0,0,0,1,0,0
20/21,4,Chelsea,38,19,10,9,58.0,36.0,22.0,67,631,267200000.0,49500000.0,217700000.0,0,0,0,0,0,0,0,0,0,0
20/21,5,Leicester,38,20,6,12,68.0,50.0,18.0,66,1003,55900000.0,51770000.0,4130000.0,0,0,2,0,0,0,0,0,0,0
20/21,6,West Ham,38,19,8,11,62.0,47.0,15.0,65,379,22200000.0,19500000.0,2700000.0,0,0,1,0,0,0,0,0,0,0
20/21,7,Tottenham,38,18,8,12,68.0,45.0,23.0,62,148,107500000.0,13300000.0,94200000.0,0,0,0,0,0,0,0,0,0,0
20/21,8,Arsenal,38,18,7,13,55.0,39.0,16.0,61,11,84000000.0,17400000.0,66600000.0,0,0,1,0,0,0,0,0,0,0
20/21,9,Leeds,38,18,5,15,62.0,54.0,8.0,59,399,75800000.0,0.0,75800000.0,0,0,0,0,0,0,0,0,0,0
20/21,10,Everton,38,17,8,13,47.0,48.0,-1.0,59,29,74370000.0,4430000.0,69940000.0,0,0,1,0,0,0,0,0,0,0
20/21,11,Aston Villa,38,16,7,15,55.0,46.0,9.0,55,405,85550000.0,0.0,85550000.0,0,0,1,0,0,1,0,2,0,0
20/21,12,Newcastle,38,12,9,17,46.0,62.0,-16.0,45,762,38750000.0,780000.0,37970000.0,0,0,0,0,0,0,0,0,0,0
20/21,13,Wolves,38,12,9,17,36.0,52.0,-16.0,45,543,84589000.0,79200000.0,5389000.0,0,0,0,0,0,0,0,0,0,0
20/21,14,Crystal Palace,38,12,8,18,41.0,66.0,-25.0,44,873,18900000.0,20000000.0,-1100000.0,0,0,1,0,0,0,0,0,0,0
20/21,15,Southampton,38,12,7,19,47.0,68.0,-21.0,43,180,25300000.0,23100000.0,2200000.0,0,0,2,0,0,0,0,0,0,0
20/21,16,Brighton,38,9,14,15,40.0,46.0,-6.0,41,1237,18000000.0,0.0,18000000.0,0,0,1,0,0,0,0,0,0,0
20/21,17,Burnley,38,10,9,19,33.0,55.0,-22.0,39,1132,0.0,0.0,0.0,0,0,1,0,0,0,0,1,0,0
20/21,18,Fulham,38,5,13,20,27.0,53.0,-26.0,28,931,13450000.0,0.0,13450000.0,0,0,0,0,0,0,0,1,0,0
20/21,19,West Brom,38,5,11,22,35.0,76.0,-41.0,26,984,21750000.0,6500000.0,15250000.0,0,0,0,0,0,0,0,0,0,0
20/21,20,Sheffield United,38,7,2,29,20.0,63.0,-43.0,23,350,62700000.0,0.0,62700000.0,0,0,0,0,0,0,0,0,0,0
21/22,1,Man City,38,29,6,3,99.0,26.0,73.0,93,281,117500000.0,38800000.0,78700000.0,0,0,1,0,0,0,0,0,0,0
21/22,2,Liverpool,38,28,8,2,94.0,26.0,68.0,92,31,40000000.0,28550000.0,11450000.0,0,0,1,0,0,0,0,0,0,0
21/22,3,Chelsea,38,21,11,6,76.0,33.0,43.0,74,631,113000000.0,153440000.0,-40440000.0,0,0,1,0,0,0,0,0,0,0
21/22,4,Tottenham,38,22,5,11,69.0,40.0,29.0,71,148,66900000.0,32700000.0,34200000.0,0,0,1,0,0,0,0,1,0,0
21/22,5,Arsenal,38,22,3,13,61.0,48.0,13.0,69,11,165600000.0,29400000.0,136200000.0,0,0,1,0,0,0,0,0,0,0
21/22,6,Man United,38,16,10,12,57.0,57.0,0.0,58,985,142000000.0,29100000.0,112900000.0,0,0,0,0,0,0,0,0,0,0
21/22,7,West Ham,38,16,8,14,60.0,51.0,9.0,56,379,67300000.0,3000000.0,64300000.0,0,0,0,0,0,0,0,0,0,0
21/22,8,Leicester,38,14,10,14,62.0,59.0,3.0,52,1003,37600000.0,3000000.0,34600000.0,0,0,1,0,0,0,0,0,0,0
21/22,9,Brighton,38,12,15,11,42.0,44.0,-2.0,51,1237,34580000.0,62500000.0,-27920000.0,0,0,0,0,0,1,0,0,0,0
21/22,10,Wolves,38,15,6,17,38.0,43.0,-5.0,51,543,26300000.0,31800000.0,-5500000.0,0,0,1,0,0,0,0,0,0,0
21/22,11,Newcastle,38,13,10,15,44.0,62.0,-18.0,49,762,29400000.0,0.0,29400000.0,0,0,0,0,0,1,0,0,0,0
21/22,12,Crystal Palace,38,11,15,12,50.0,46.0,4.0,48,873,73440000.0,0.0,73440000.0,0,0,0,0,0,0,0,0,0,0
21/22,13,Brentford,38,13,7,18,48.0,56.0,-8.0,46,1148,37200000.0,0.0,37200000.0,0,0,1,0,0,0,0,0,0,0
21/22,14,Aston Villa,38,13,6,19,52.0,54.0,-2.0,45,405,99800000.0,127000000.0,-27200000.0,0,0,3,0,0,0,0,0,0,0
21/22,15,Southampton,38,9,13,16,43.0,67.0,-24.0,40,180,63400000.0,60350000.0,3050000.0,0,0,0,0,0,0,0,1,0,0
21/22,16,Everton,38,11,6,21,43.0,66.0,-23.0,39,29,2000000.0,9000000.0,-7000000.0,0,1,0,0,0,0,0,1,0,0
21/22,17,Leeds,38,9,11,18,42.0,79.0,-37.0,38,399,59300000.0,0.0,59300000.0,0,0,2,0,0,0,0,0,0,0
21/22,18,Burnley,38,7,14,17,34.0,53.0,-19.0,35,1132,31900000.0,0.0,31900000.0,0,0,0,0,0,0,0,1,0,0
21/22,19,Watford,38,6,5,27,34.0,77.0,-43.0,23,1010,17500000.0,11100000.0,6400000.0,0,0,0,0,0,1,1,1,0,0
21/22,20,Norwich,38,5,7,26,23.0,84.0,-61.0,22,1123,48750000.0,38400000.0,10350000.0,0,0,0,0,0,0,0,0,0,0
22/23,1,Man City,38,28,5,5,94.0,33.0,61.0,89,281,144000000.0,160170000.0,-16170000.0,0,0,1,0,0,2,0,0,0,0
22/23,2,Arsenal,38,26,6,6,88.0,43.0,45.0,84,11,131600000.0,23800000.0,107800000.0,0,0,2,0,0,0,0,0,0,0
22/23,3,Man United,38,23,6,9,58.0,43.0,15.0,75,985,238020000.0,21650000.0,216370000.0,0,0,4,0,0,0,0,1,0,0
22/23,4,Newcastle,38,19,14,5,68.0,33.0,35.0,71,762,143500000.0,0.0,143500000.0,0,0,2,0,0,1,1,0,0,0
22/23,5,Liverpool,38,19,10,9,75.0,47.0,28.0,67,31,94400000.0,80100000.0,14300000.0,0,0,2,0,0,0,0,1,0,0
22/23,6,Brighton,38,18,8,12,72.0,53.0,19.0,62,1237,45700000.0,111800000.0,-66100000.0,0,0,2,0,0,0,0,0,0,0
22/23,7,Aston Villa,38,18,7,13,51.0,46.0,5.0,61,405,69500000.0,42000000.0,27500000.0,0,0,1,0,0,0,0,0,0,0
22/23,8,Tottenham,38,18,6,14,70.0,63.0,7.0,60,148,173700000.0,38250000.0,135450000.0,0,0,0,0,0,1,0,0,0,0
22/23,9,Brentford,38,15,14,9,58.0,46.0,12.0,59,1148,48250000.0,0.0,48250000.0,0,0,3,0,0,2,0,0,0,0
22/23,10,Fulham,38,15,7,16,55.0,53.0,2.0,52,931,66300000.0,25400000.0,40900000.0,0,0,0,0,0,0,0,0,0,0
22/23,11,Crystal Palace,38,11,12,15,40.0,49.0,-9.0,45,873,34600000.0,0.0,34600000.0,0,0,1,0,0,0,0,0,0,0
22/23,12,Chelsea,38,11,11,16,38.0,47.0,-9.0,44,631,297750000.0,47700000.0,250050000.0,0,0,3,0,0,0,0,1,0,0
22/23,13,Wolves,38,11,8,19,31.0,58.0,-27.0,41,543,139000000.0,59100000.0,79900000.0,0,0,3,0,0,1,0,0,0,0
22/23,14,West Ham,38,11,7,20,42.0,55.0,-13.0,40,379,184600000.0,17800000.0,166800000.0,0,0,1,0,0,0,0,0,0,0
22/23,15,Bournemouth,38,11,6,21,37.0,71.0,-34.0,39,989,26900000.0,0.0,26900000.0,0,0,0,0,0,0,0,0,0,0
22/23,16,Nott'm Forest,38,9,11,18,38.0,68.0,-30.0,38,703,160050000.0,5000000.0,155050000.0,0,0,0,0,0,0,1,0,0,0
22/23,17,Everton,38,8,12,18,34.0,57.0,-23.0,36,29,83070000.0,58000000.0,25070000.0,0,0,2,0,0,0,0,1,0,0
22/23,18,Leicester,38,9,7,22,51.0,68.0,-17.0,34,1003,17000000.0,81400000.0,-64400000.0,0,0,0,0,0,0,0,0,0,0
22/23,19,Leeds,38,7,10,21,48.0,78.0,-30.0,31,399,104340000.0,108200000.0,-3860000.0,0,0,0,0,0,0,0,0,0,0
22/23,20,Southampton,38,6,7,25,36.0,73.0,-37.0,25,180,90960000.0,5500000.0,85460000.0,0,0,0,0,0,1,0,0,0,0
23/24,1,Man City,38,28,7,3,96.0,34.0,62.0,91,281,241100000.0,131800000.0,109300000.0,0,0,4,0,0,0,0,0,0,0
23/24,2,Arsenal,38,28,5,5,91.0,29.0,62.0,89,11,231600000.0,66350000.0,165250000.0,0,0,0,0,0,0,0,0,0,0
23/24,3,Liverpool,38,24,10,4,86.0,41.0,45.0,82,31,172000000.0,60700000.0,111300000.0,0,0,3,0,0,0,0,0,0,0
23/24,4,Aston Villa,38,20,8,10,76.0,61.0,15.0,68,405,88000000.0,32550000.0,55450000.0,0,0,1,0,0,0,0,0,0,0
23/24,5,Tottenham,38,20,6,12,74.0,61.0,13.0,66,148,247100000.0,116100000.0,131000000.0,0,0,1,0,0,0,0,0,0,0
23/24,6,Chelsea,38,18,9,11,77.0,63.0,14.0,63,631,464100000.0,264600000.0,199500000.0,0,0,4,0,0,0,0,0,0,0
23/24,7,Newcastle,38,18,6,14,85.0,62.0,23.0,60,762,150000000.0,44600000.0,105400000.0,0,0,2,0,0,0,0,1,0,0
23/24,8,Man United,38,18,6,14,57.0,58.0,-1.0,60,985,202700000.0,60770000.0,141930000.0,0,0,1,0,0,1,0,2,0,0
23/24,9,West Ham,38,14,10,14,60.0,74.0,-14.0,52,379,137550000.0,157200000.0,-19650000.0,0,0,1,0,0,0,0,0,0,0
23/24,10,Crystal Palace,38,13,10,15,57.0,58.0,-1.0,49,873,38700000.0,0.0,38700000.0,0,0,0,0,0,0,0,0,0,0
23/24,11,Brighton,38,12,12,14,55.0,62.0,-7.0,48,1237,97700000.0,185650000.0,-87950000.0,0,0,5,0,0,0,0,0,0,0
23/24,12,Everton,38,13,9,16,40.0,51.0,-11.0,48,29,37500000.0,75800000.0,-38300000.0,0,0,1,0,0,0,0,2,0,0
23/24,13,Bournemouth,38,13,9,16,54.0,67.0,-13.0,48,989,129890000.0,0.0,129890000.0,0,0,0,0,0,0,0,0,0,0
23/24,14,Fulham,38,13,8,17,55.0,61.0,-6.0,47,931,68470000.0,52600000.0,15870000.0,0,0,1,0,0,0,0,0,0,0
23/24,15,Wolves,38,13,7,18,50.0,65.0,-15.0,46,543,94000000.0,166300000.0,-72300000.0,0,0,0,0,0,0,0,0,0,0
23/24,16,Brentford,38,10,9,19,56.0,65.0,-9.0,39,1148,64850000.0,6750000.0,58100000.0,0,0,2,0,0,0,0,0,0,0
23/24,17,Nott'm Forest,38,9,9,20,49.0,67.0,-18.0,36,703,122980000.0,64400000.0,58580000.0,0,0,0,0,0,1,0,2,0,0
23/24,18,Luton,38,6,8,24,52.0,85.0,-33.0,26,1031,22750000.0,0.0,22750000.0,0,0,0,0,2,0,1,0,0,0
23/24,19,Burnley,38,5,9,24,41.0,78.0,-37.0,24,1132,111050000.0,0.0,111050000.0,0,0,0,1,0,0,0,0,0,0
23/24,20,Sheffield United,38,3,7,28,35.0,104.0,-69.0,16,350,64450000.0,30900000.0,33550000.0,0,0,3,0,0,0,0,0,0,0
24/25,1,Liverpool,38,25,9,4,86.0,41.0,45.0,84,31,42000000.0,47000000.0,-5000000.0,0,0,3,0,0,0,0,2,0,0
24/25,2,Arsenal,38,20,14,4,69.0,34.0,35.0,74,11,107600000.0,82900000.0,24700000.0,0,0,2,0,0,0,0,1,0,0
24/25,3,Man City,38,21,8,9,72.0,44.0,28.0,71,281,25000000.0,136700000.0,-111700000.0,0,0,1,0,0,0,0,0,0,0
24/25,4,Chelsea,38,20,9,9,64.0,43.0,21.0,69,631,261000000.0,205200000.0,55800000.0,0,0,4,0,0,0,0,0,0,0
24/25,5,Newcastle,38,20,6,12,68.0,47.0,21.0,66,762,68200000.0,76200000.0,-8000000.0,0,0,0,0,0,0,0,4,0,0
24/25,6,Aston Villa,38,19,9,10,58.0,51.0,7.0,66,405,176200000.0,145000000.0,31200000.0,0,0,1,0,0,0,0,0,0,0
24/25,7,Nott'm Forest,38,19,8,11,58.0,46.0,12.0,65,703,105500000.0,86700000.0,18800000.0,0,0,0,0,0,3,0,4,0,0
24/25,8,Brighton,38,16,13,9,66.0,59.0,7.0,61,1237,231200000.0,49240000.0,181960000.0,0,0,1,0,0,1,0,1,0,0
24/25,9,Bournemouth,38,15,11,12,58.0,46.0,12.0,56,989,111270000.0,66090000.0,45180000.0,0,0,0,0,0,0,0,3,0,0
24/25,10,Brentford,38,16,8,14,66.0,57.0,9.0,56,1148,85900000.0,74500000.0,11400000.0,0,0,2,0,0,0,0,2,0,0
24/25,11,Fulham,38,15,9,14,54.0,54.0,0.0,54,931,91550000.0,68800000.0,22750000.0,0,0,2,0,0,0,0,0,0,0
24/25,12,Crystal Palace,38,13,14,11,51.0,51.0,0.0,53,873,77700000.0,100300000.0,-22600000.0,0,0,2,0,0,0,0,2,0,0
24/25,13,Everton,38,11,15,12,42.0,44.0,-2.0,48,29,48200000.0,83650000.0,-35450000.0,0,0,1,0,0,0,0,2,0,0
24/25,14,West Ham,38,11,10,17,46.0,62.0,-16.0,43,379,144400000.0,46150000.0,98250000.0,0,0,0,0,0,0,0,1,0,0
24/25,15,Man United,38,11,9,18,44.0,54.0,-10.0,42,985,214500000.0,111300000.0,103200000.0,0,0,1,0,0,0,0,3,0,0
24/25,16,Wolves,38,12,6,20,54.0,69.0,-15.0,42,543,63900000.0,112500000.0,-48600000.0,0,0,0,0,0,0,0,1,0,0
24/25,17,Tottenham,38,11,5,22,64.0,65.0,-1.0,38,148,154850000.0,56300000.0,98550000.0,0,0,2,0,0,0,0,0,0,0
24/25,18,Leicester,38,6,7,25,33.0,80.0,-47.0,25,1003,88050000.0,35400000.0,52650000.0,0,0,0,0,0,0,0,0,0,0
24/25,19,Ipswich,38,4,10,24,36.0,82.0,-46.0,22,677,124990000.0,0.0,124990000.0,0,0,0,0,0,1,0,0,0,0
24/25,20,Southampton,38,2,6,30,26.0,86.0,-60.0,12,180,118050000.0,41590000.0,76460000.0,0,0,1,0,1,1,0,0,0,0
25/26,1,Arsenal,38,26,7,5,71.0,27.0,44.0,85,11,294600000.0,8880000.0,285720000.0,0,0,1,0,0,0,0,1,0,0
25/26,2,Man City,38,23,9,6,77.0,35.0,42.0,78,281,206800000.0,74500000.0,132300000.0,0,0,0,0,0,0,0,1,0,0
25/26,3,Man United,38,20,11,7,69.0,50.0,19.0,71,985,250700000.0,68200000.0,182500000.0,0,0,2,0,0,0,0,1,0,0
25/26,4,Aston Villa,38,19,8,11,56.0,49.0,7.0,65,405,37500000.0,45150000.0,-7650000.0,0,0,1,0,0,0,0,1,0,0
25/26,5,Liverpool,38,17,9,12,63.0,53.0,10.0,60,31,481350000.0,216000000.0,265350000.0,0,0,3,0,0,0,0,0,0,0
25/26,6,Bournemouth,38,13,18,7,58.0,54.0,4.0,57,989,136600000.0,235450000.0,-98850000.0,0,0,0,0,0,0,0,0,0,0
25/26,7,Sunderland,38,14,12,12,42.0,48.0,-6.0,54,289,188650000.0,45000000.0,143650000.0,0,0,1,0,0,0,0,0,0,0
25/26,8,Brighton,38,14,11,13,52.0,46.0,6.0,53,1237,78000000.0,135700000.0,-57700000.0,0,0,2,0,0,0,0,0,0,0
25/26,9,Brentford,38,14,11,13,55.0,52.0,3.0,53,1148,98700000.0,158760000.0,-60060000.0,0,0,2,0,0,0,1,1,0,0
25/26,10,Chelsea,38,14,10,14,58.0,52.0,6.0,52,631,336850000.0,318450000.0,18400000.0,0,0,0,0,0,0,0,0,0,0
25/26,11,Fulham,38,15,7,16,47.0,51.0,-4.0,52,931,40500000.0,17000000.0,23500000.0,0,0,0,0,0,0,0,1,0,0
25/26,12,Newcastle,38,14,7,17,53.0,55.0,-2.0,49,762,274250000.0,176000000.0,98250000.0,0,0,2,0,0,1,0,1,0,0
25/26,13,Everton,38,13,10,15,47.0,50.0,-3.0,49,29,127750000.0,12600000.0,115150000.0,0,0,1,0,1,0,0,0,0,0
25/26,14,Leeds,38,11,14,13,49.0,56.0,-7.0,47,399,113700000.0,6000000.0,107700000.0,0,0,0,0,0,0,0,0,0,0
25/26,15,Crystal Palace,38,11,12,15,41.0,51.0,-10.0,45,873,55300000.0,74150000.0,-18850000.0,0,0,2,0,0,0,0,1,0,0
25/26,16,Nott'm Forest,38,11,11,16,48.0,51.0,-3.0,44,703,233900000.0,126400000.0,107500000.0,0,0,1,0,0,0,0,2,0,0
25/26,17,Tottenham,38,10,11,17,48.0,57.0,-9.0,41,148,205600000.0,41500000.0,164100000.0,0,0,0,0,0,0,0,2,0,0
25/26,18,West Ham,38,10,9,19,46.0,65.0,-19.0,39,379,143800000.0,87500000.0,56300000.0,0,0,4,0,0,0,1,2,0,0
25/26,19,Burnley,38,4,10,24,38.0,75.0,-37.0,22,1132,129500000.0,34200000.0,95300000.0,0,0,0,0,1,1,0,0,0,0
25/26,20,Wolves,38,3,11,24,27.0,68.0,-41.0,20,543,117500000.0,137500000.0,-20000000.0,0,0,1,0,0,2,0,1,0,0
