Season,Club,club_id,SummerSpend,SummerIncome,NetSpend,RecoveredIncomingFees,RecoveredOutgoingFees,InternalIncomingMoves,InternalOutgoingMoves,UnknownIncomingFees,UnknownOutgoingFees,NoFeeIncomingMoves,NoFeeOutgoingMoves,NotFoundIncomingFees,NotFoundOutgoingFees
05/06,Chelsea,631,0.0,0.0,0.0,0,0,0,0,0,0,0,0,0,0
05/06,Man United,985,0.0,0.0,0.0,0,0,0,0,0,0,0,0,0,0
05/06,Liverpool,31,9800000.0,0.0,9800000.0,0,0,0,0,0,0,0,0,0,0
05/06,Arsenal,11,500000.0,0.0,500000.0,0,0,0,0,0,0,0,0,0,0
05/06,Tottenham,148,0.0,0.0,0.0,0,0,0,0,0,0,0,0,0,0
05/06,Blackburn,164,0.0,0.0,0.0,0,0,0,0,0,0,0,0,0,0
05/06,Newcastle,762,0.0,0.0,0.0,0,0,0,0,0,0,0,0,0,0
05/06,Bolton,355,0.0,0.0,0.0,0,0,0,0,0,0,0,0,0,0
05/06,West Ham,379,0.0,0.0,0.0,0,0,0,0,0,0,0,0,0,0
05/06,Wigan,1071,0.0,0.0,0.0,0,0,0,0,0,0,0,0,0,0
05/06,Everton,29,375000.0,0.0,375000.0,0,0,0,0,0,0,0,0,0,0
05/06,Fulham,931,0.0,0.0,0.0,0,0,0,0,0,0,0,0,0,0
05/06,Charlton,358,0.0,0.0,0.0,0,0,1,0,0,0,0,0,0,0
05/06,Middlesbrough,641,0.0,0.0,0.0,0,0,0,0,0,0,0,0,0,0
05/06,Man City,281,0.0,0.0,0.0,0,0,0,0,0,0,0,0,0,0
05/06,Aston Villa,405,0.0,0.0,0.0,0,0,0,0,0,0,0,0,0,0
05/06,Portsmouth,1020,0.0,0.0,0.0,0,0,1,0,0,0,0,0,0,0
05/06,Birmingham,337,0.0,0.0,0.0,0,0,1,0,0,0,0,0,0,0
05/06,West Brom,984,0.0,0.0,0.0,0,0,0,0,0,0,0,0,0,0
05/06,Sunderland,289,0.0,0.0,0.0,0,0,0,0,0,0,0,0,0,0
06/07,Man United,985,0.0,0.0,0.0,0,0,1,0,0,0,0,0,0,0
06/07,Chelsea,631,0.0,0.0,0.0,0,0,0,0,0,0,0,0,0,0
06/07,Liverpool,31,0.0,0.0,0.0,0,0,0,0,0,0,0,0,0,0
06/07,Arsenal,11,0.0,0.0,0.0,0,0,0,0,0,0,0,0,0,0
06/07,Tottenham,148,0.0,0.0,0.0,0,0,0,0,0,0,0,0,0,0
06/07,Everton,29,0.0,0.0,0.0,0,0,0,0,0,0,0,0,0,0
06/07,Bolton,355,0.0,0.0,0.0,0,0,1,0,0,0,0,0,0,0
06/07,Reading,1032,0.0,0.0,0.0,0,0,0,0,0,0,0,0,0,0
06/07,Portsmouth,1020,0.0,0.0,0.0,0,0,0,0,0,0,0,0,0,0
06/07,Blackburn,164,0.0,0.0,0.0,0,0,0,0,0,0,0,0,0,0
06/07,Aston Villa,405,0.0,0.0,0.0,0,0,0,0,0,0,0,0,0,0
06/07,Middlesbrough,641,0.0,0.0,0.0,0,0,0,0,0,0,0,0,0,0
06/07,Newcastle,762,0.0,0.0,0.0,0,0,0,0,0,0,0,0,0,0
06/07,Man City,281,900000.0,0.0,900000.0,0,0,0,0,0,0,0,0,0,0
06/07,West Ham,379,0.0,0.0,0.0,0,0,0,0,0,0,0,0,0,0
06/07,Fulham,931,0.0,0.0,0.0,0,0,0,0,0,0,0,0,0,0
06/07,Wigan,1071,0.0,0.0,0.0,0,0,0,0,0,0,0,0,0,0
06/07,Sheffield United,350,0.0,0.0,0.0,0,0,0,0,0,0,0,0,0,0
06/07,Charlton,358,0.0,0.0,0.0,0,0,0,0,0,0,0,0,0,0
06/07,Watford,1010,0.0,0.0,0.0,0,0,0,0,0,0,0,0,0,0
07/08,Man United,985,25500000.0,0.0,25500000.0,0,0,0,0,0,0,0,0,0,0
07/08,Chelsea,631,0.0,0.0,0.0,0,0,0,0,0,0,0,0,0,0
07/08,Arsenal,11,4350000.0,0.0,4350000.0,0,0,0,0,0,0,0,0,0,0
07/08,Liverpool,31,0.0,0.0,0.0,0,0,0,0,0,0,0,0,0,0
07/08,Everton,29,0.0,0.0,0.0,0,0,0,0,0,0,0,0,0,0
07/08,Aston Villa,405,0.0,5900000.0,-5900000.0,0,0,0,0,0,0,0,0,0,0
07/08,Blackburn,164,0.0,0.0,0.0,0,0,0,0,0,0,0,0,0,0
07/08,Portsmouth,1020,0.0,0.0,0.0,0,0,0,0,0,0,0,0,0,0
07/08,Man City,281,0.0,0.0,0.0,0,0,1,0,0,0,0,0,0,0
07/08,West Ham,379,0.0,0.0,0.0,0,0,1,0,0,0,0,0,0,0
07/08,Tottenham,148,0.0,0.0,0.0,0,0,0,0,0,0,0,0,0,0
07/08,Newcastle,762,0.0,0.0,0.0,0,0,1,0,0,0,0,0,0,0
07/08,Middlesbrough,641,0.0,0.0,0.0,0,0,0,0,0,0,0,0,0,0
07/08,Wigan,1071,0.0,0.0,0.0,0,0,0,0,0,0,0,0,0,0
07/08,Sunderland,289,10820000.0,0.0,10820000.0,0,0,0,0,0,0,0,0,0,0
07/08,Bolton,355,0.0,0.0,0.0,0,0,0,0,0,0,0,0,0,0
07/08,Fulham,931,5900000.0,0.0,5900000.0,0,0,0,0,0,0,0,0,0,0
07/08,Reading,1032,0.0,0.0,0.0,0,0,2,0,0,0,0,0,0,0
07/08,Birmingham,337,0.0,0.0,0.0,0,0,0,0,0,0,0,0,0,0
07/08,Derby,22,0.0,0.0,0.0,0,0,0,0,0,0,0,0,0,0
08/09,Man United,985,0.0,0.0,0.0,0,0,1,0,0,0,0,0,0,0
08/09,Liverpool,31,250000.0,4000000.0,-3750000.0,0,0,0,0,0,0,0,0,0,0
08/09,Chelsea,631,0.0,0.0,0.0,0,0,1,0,0,0,0,0,0,0
08/09,Arsenal,11,0.0,0.0,0.0,0,0,1,0,0,0,0,0,0,0
08/09,Everton,29,0.0,0.0,0.0,0,0,0,0,0,0,0,0,0,0
08/09,Aston Villa,405,15000000.0,0.0,15000000.0,0,0,0,0,0,0,0,0,0,0
08/09,Fulham,931,0.0,3950000.0,-3950000.0,0,0,0,0,0,0,0,0,0,0
08/09,Tottenham,148,22500000.0,0.0,22500000.0,0,0,3,0,0,0,0,0,0,0
08/09,West Ham,379,0.0,0.0,0.0,0,0,0,0,0,0,0,0,0,0
08/09,Man City,281,0.0,0.0,0.0,0,0,0,0,0,0,0,0,0,0
08/09,Wigan,1071,0.0,0.0,0.0,0,0,0,0,0,0,0,0,0,0
08/09,Stoke,512,0.0,0.0,0.0,0,0,0,0,0,0,0,0,0,0
08/09,Bolton,355,0.0,0.0,0.0,0,0,0,0,0,0,0,0,0,0
08/09,Portsmouth,1020,0.0,0.0,0.0,0,0,2,0,0,0,0,0,0,0
08/09,Blackburn,164,0.0,0.0,0.0,0,0,0,0,0,0,0,0,0,0
08/09,Sunderland,289,0.0,0.0,0.0,0,0,1,0,0,0,0,0,0,0
08/09,Hull,3008,0.0,0.0,0.0,0,0,0,0,0,0,0,0,0,0
08/09,Newcastle,762,0.0,15000000.0,-15000000.0,0,0,1,0,0,0,0,0,0,0
08/09,Middlesbrough,641,0.0,0.0,0.0,0,0,1,0,0,0,0,0,0,0
08/09,West Brom,984,4000000.0,0.0,4000000.0,0,0,0,0,0,0,0,0,0,0
09/10,Chelsea,631,1750000.0,0.0,1750000.0,0,0,2,0,0,0,0,0,0,0
09/10,Man United,985,0.0,94000000.0,-94000000.0,0,0,0,0,0,0,0,0,0,0
09/10,Arsenal,11,0.0,0.0,0.0,0,0,0,0,0,0,0,0,0,0
09/10,Tottenham,148,5900000.0,0.0,5900000.0,0,0,0,0,0,0,0,0,0,0
09/10,Man City,281,0.0,0.0,0.0,0,0,0,0,0,0,0,0,0,0
09/10,Aston Villa,405,0.0,0.0,0.0,0,0,0,0,0,0,0,0,0,0
09/10,Liverpool,31,0.0,0.0,0.0,0,0,1,0,0,0,0,0,0,0
09/10,Everton,29,0.0,0.0,0.0,0,0,0,0,0,0,0,0,0,0
09/10,Birmingham,337,100000.0,0.0,100000.0,0,0,0,0,0,0,0,0,0,0
09/10,Blackburn,164,580000.0,0.0,580000.0,0,0,1,0,0,0,0,0,0,0
09/10,Stoke,512,0.0,0.0,0.0,0,0,0,0,0,0,0,0,0,0
09/10,Fulham,931,0.0,0.0,0.0,0,0,0,0,0,0,0,0,0,0
09/10,Sunderland,289,0.0,0.0,0.0,0,0,0,0,0,0,0,0,0,0
09/10,Bolton,355,2500000.0,0.0,2500000.0,0,0,0,0,0,0,0,0,0,0
09/10,Wolves,543,0.0,0.0,0.0,0,0,0,0,0,0,0,0,0,0
09/10,Wigan,1071,5100000.0,0.0,5100000.0,0,0,0,0,0,0,0,0,0,0
09/10,West Ham,379,0.0,0.0,0.0,0,0,0,0,0,0,0,0,0,0
09/10,Burnley,1132,0.0,0.0,0.0,0,0,0,0,0,0,0,0,0,0
09/10,Hull,3008,0.0,0.0,0.0,0,0,1,0,0,0,0,0,0,0
09/10,Portsmouth,1020,0.0,0.0,0.0,0,0,0,0,0,0,0,0,0,0
10/11,Man United,985,16800000.0,9500000.0,7300000.0,0,0,0,0,0,0,0,0,0,0
10/11,Chelsea,631,0.0,0.0,0.0,0,0,0,0,0,0,0,0,0,0
10/11,Man City,281,64000000.0,0.0,64000000.0,0,0,2,0,0,0,0,0,0,0
10/11,Arsenal,11,0.0,0.0,0.0,0,0,0,0,0,0,0,0,0,0
10/11,Tottenham,148,0.0,0.0,0.0,0,0,2,0,0,0,0,0,0,0
10/11,Liverpool,31,4750000.0,0.0,4750000.0,0,0,0,0,0,0,0,0,0,0
10/11,Everton,29,0.0,600000.0,-600000.0,0,0,0,0,0,0,0,0,0,0
10/11,Fulham,931,0.0,8000000.0,-8000000.0,0,0,0,0,0,0,0,0,0,0
10/11,Aston Villa,405,0.0,22000000.0,-22000000.0,0,0,0,0,0,0,0,0,0,0
10/11,Sunderland,289,2500000.0,0.0,2500000.0,0,0,0,0,0,0,0,0,0,0
10/11,West Brom,984,300000.0,0.0,300000.0,0,0,0,0,0,0,0,0,0,0
10/11,Newcastle,762,0.0,0.0,0.0,0,0,0,0,0,0,0,0,0,0
10/11,Stoke,512,0.0,0.0,0.0,0,0,0,0,0,0,0,0,0,0
10/11,Bolton,355,2400000.0,1400000.0,1000000.0,0,0,0,0,0,0,0,0,0,0
10/11,Blackburn,164,0.0,0.0,0.0,0,0,0,0,0,0,0,0,0,0
10/11,Wigan,1071,0.0,0.0,0.0,0,0,0,0,0,0,0,0,0,0
10/11,Wolves,543,90000.0,0.0,90000.0,0,0,0,0,0,0,0,0,0,0
10/11,Birmingham,337,0.0,0.0,0.0,0,0,0,0,0,0,0,0,0,0
10/11,Blackpool,1181,1400000.0,0.0,1400000.0,0,0,0,0,0,0,0,0,0,0
10/11,West Ham,379,0.0,0.0,0.0,0,0,0,0,0,0,0,0,0,0
11/12,Man City,281,12000000.0,13500000.0,-1500000.0,0,0,0,0,0,0,0,0,0,0
11/12,Man United,985,43000000.0,0.0,43000000.0,0,0,1,0,0,0,0,0,0,0
11/12,Arsenal,11,14800000.0,0.0,14800000.0,0,0,2,0,0,0,0,0,0,0
11/12,Tottenham,148,0.0,0.0,0.0,0,0,2,0,0,0,0,0,0,0
11/12,Newcastle,762,0.0,0.0,0.0,0,0,1,0,0,0,0,0,0,0
11/12,Chelsea,631,55250000.0,5000000.0,50250000.0,0,0,0,0,0,0,0,0,0,0
11/12,Everton,29,0.0,0.0,0.0,0,0,2,0,0,0,0,0,0,0
11/12,Liverpool,31,30000000.0,0.0,30000000.0,0,0,1,0,0,0,0,0,0,0
11/12,Fulham,931,1600000.0,0.0,1600000.0,0,0,0,0,1,0,0,0,0,0
11/12,West Brom,984,0.0,2200000.0,-2200000.0,0,0,0,0,0,0,0,0,0,0
11/12,Swansea,2288,0.0,0.0,0.0,0,0,0,0,0,0,0,0,0,0
11/12,Norwich,1123,0.0,0.0,0.0,0,0,0,0,0,0,0,0,0,0
11/12,Sunderland,289,2400000.0,18000000.0,-15600000.0,0,0,1,0,0,0,0,0,0,0
11/12,Stoke,512,0.0,0.0,0.0,0,0,0,0,0,0,0,0,0,0
11/12,Wigan,1071,0.0,0.0,0.0,0,0,0,0,0,0,0,0,0,0
11/12,Aston Villa,405,0.0,18000000.0,-18000000.0,0,0,2,0,0,0,0,0,0,0
11/12,QPR,1039,0.0,0.0,0.0,0,0,0,0,0,0,0,0,0,0
11/12,Bolton,355,0.0,0.0,0.0,0,0,0,0,0,0,0,0,0,0
11/12,Blackburn,164,0.0,0.0,0.0,0,0,0,0,0,0,0,0,0,0
11/12,Wolves,543,0.0,0.0,0.0,0,0,0,0,0,0,0,0,0,0
12/13,Man United,985,21500000.0,1250000.0,20250000.0,0,0,0,0,0,0,0,0,0,0
12/13,Man City,281,15200000.0,0.0,15200000.0,0,0,1,0,0,0,0,0,0,0
12/13,Chelsea,631,20800000.0,0.0,20800000.0,0,0,0,0,0,0,0,0,0,0
12/13,Arsenal,11,46000000.0,0.0,46000000.0,0,0,2,0,0,0,0,0,0,0
12/13,Tottenham,148,35100000.0,35000000.0,100000.0,0,0,0,0,0,0,0,0,0,0
12/13,Everton,29,250000.0,0.0,250000.0,0,0,0,0,0,0,0,0,0,0
12/13,Liverpool,31,19000000.0,0.0,19000000.0,0,0,2,0,0,0,0,0,0,0
12/13,West Brom,984,0.0,0.0,0.0,0,0,0,0,0,0,0,0,0,0
12/13,Swansea,2288,7000000.0,19000000.0,-12000000.0,0,0,1,0,0,0,0,0,0,0
12/13,West Ham,379,0.0,0.0,0.0,0,0,0,0,0,0,0,0,0,0
12/13,Norwich,1123,0.0,0.0,0.0,0,0,1,0,0,0,0,0,0,0
12/13,Fulham,931,0.0,0.0,0.0,0,0,1,0,0,0,0,0,0,0
12/13,Stoke,512,4400000.0,0.0,4400000.0,0,0,0,0,0,0,0,0,0,0
12/13,Southampton,180,18800000.0,0.0,18800000.0,0,0,2,0,0,0,0,0,0,0
12/13,Aston Villa,405,2500000.0,0.0,2500000.0,0,0,0,0,0,0,0,0,0,0
12/13,Newcastle,762,0.0,2500000.0,-2500000.0,0,0,1,0,0,0,0,0,0,0
12/13,Sunderland,289,0.0,0.0,0.0,0,0,0,0,0,0,0,1,0,0
12/13,Wigan,1071,0.0,11500000.0,-11500000.0,0,0,0,0,0,0,0,0,0,0
12/13,Reading,1032,0.0,900000.0,-900000.0,0,0,0,0,0,0,0,0,0,0
12/13,QPR,1039,3750000.0,0.0,3750000.0,0,0,0,0,0,0,0,0,0,0
13/14,Man City,281,71000000.0,0.0,71000000.0,0,0,0,0,0,0,0,0,0,0
13/14,Liverpool,31,48400000.0,5800000.0,42600000.0,0,0,0,0,0,0,0,0,0,0
13/14,Chelsea,631,49250000.0,3500000.0,45750000.0,0,0,0,0,0,0,0,0,0,0
13/14,Arsenal,11,500000.0,2400000.0,-1900000.0,0,0,2,0,0,0,0,0,0,0
13/14,Everton,29,19300000.0,0.0,19300000.0,0,0,0,0,0,0,0,0,0,0
13/14,Tottenham,148,72800000.0,0.0,72800000.0,0,0,0,0,0,0,0,0,0,0
13/14,Man United,985,0.0,0.0,0.0,0,0,1,0,0,0,0,0,0,0
13/14,Southampton,180,10000000.0,0.0,10000000.0,0,0,2,0,0,0,0,0,0,0
13/14,Stoke,512,2800000.0,0.0,2800000.0,0,0,0,0,0,0,0,0,0,0
13/14,Newcastle,762,0.0,0.0,0.0,0,0,0,0,0,0,0,0,0,0
13/14,Crystal Palace,873,7300000.0,0.0,7300000.0,0,0,0,0,0,0,0,0,0,0
13/14,Swansea,2288,8700000.0,0.0,8700000.0,0,0,0,0,0,0,0,0,0,0
13/14,West Ham,379,0.0,0.0,0.0,0,0,0,0,0,0,0,0,0,0
13/14,Sunderland,289,7150000.0,10600000.0,-3450000.0,0,0,1,0,0,0,0,0,0,0
13/14,Aston Villa,405,3500000.0,0.0,3500000.0,0,0,2,0,0,0,0,0,0,0
13/14,Hull,3008,0.0,0.0,0.0,0,0,0,0,0,0,0,0,0,0
13/14,West Brom,984,0.0,0.0,0.0,0,0,0,0,0,0,0,0,0,0
13/14,Norwich,1123,17800000.0,0.0,17800000.0,0,0,0,0,0,0,0,0,0,0
13/14,Fulham,931,0.0,0.0,0.0,0,0,1,0,0,0,0,0,0,0
13/14,Cardiff,603,11375000.0,0.0,11375000.0,0,0,1,0,0,0,0,0,0,0
14/15,Chelsea,631,2500000.0,37260000.0,-34760000.0,0,0,0,0,0,0,0,0,0,0
14/15,Man City,281,62500000.0,0.0,62500000.0,0,0,1,0,0,0,0,0,0,0
14/15,Arsenal,11,86730000.0,1900000.0,84830000.0,0,0,1,0,0,0,0,0,0,0
14/15,Man United,985,187750000.0,31000000.0,156750000.0,0,0,2,0,0,0,0,0,0,0
14/15,Tottenham,148,36150000.0,10350000.0,25800000.0,0,0,0,0,0,0,0,0,0,0
14/15,Liverpool,31,143930000.0,85970000.0,57960000.0,0,0,0,0,0,0,0,0,0,0
14/15,Southampton,180,49500000.0,114030000.0,-64530000.0,0,0,2,0,0,0,0,0,0,0
14/15,Swansea,2288,11990000.0,12650000.0,-660000.0,0,0,0,0,0,0,1,0,0,0
14/15,Stoke,512,0.0,0.0,0.0,0,0,0,0,0,0,0,0,0,0
14/15,Crystal Palace,873,0.0,1800000.0,-1800000.0,0,0,0,0,0,0,0,0,0,0
14/15,Everton,29,40160000.0,0.0,40160000.0,0,0,1,0,0,0,0,0,0,0
14/15,West Ham,379,27250000.0,0.0,27250000.0,0,0,0,0,0,0,0,0,0,0
14/15,West Brom,984,2400000.0,0.0,2400000.0,0,0,0,0,1,0,0,0,0,0
14/15,Leicester,1003,1260000.0,0.0,1260000.0,0,0,0,0,0,0,0,0,0,0
14/15,Newcastle,762,22000000.0,100000.0,21900000.0,0,0,1,0,0,0,0,0,0,0
14/15,Sunderland,289,1900000.0,500000.0,1400000.0,0,0,0,0,0,0,0,0,0,0
14/15,Aston Villa,405,0.0,0.0,0.0,0,0,0,0,0,0,0,0,0,0
14/15,Hull,3008,6750000.0,0.0,6750000.0,0,0,0,0,0,0,0,0,0,0
14/15,Burnley,1132,0.0,0.0,0.0,0,0,0,0,0,0,0,0,0,0
14/15,QPR,1039,15050000.0,0.0,15050000.0,0,0,0,0,0,0,0,0,0,0
15/16,Leicester,1003,27000000.0,3600000.0,23400000.0,0,0,1,0,0,0,0,0,0,0
15/16,Arsenal,11,0.0,2500000.0,-2500000.0,0,0,2,0,0,0,0,0,0,0
15/16,Tottenham,148,65000000.0,31250000.0,33750000.0,0,0,0,0,0,0,0,0,0,0
15/16,Man City,281,189450000.0,52000000.0,137450000.0,0,0,1,0,0,0,0,0,0,0
15/16,Man United,985,147000000.0,78970000.0,68030000.0,0,0,2,0,0,0,0,0,0,0
15/16,Southampton,180,51700000.0,52700000.0,-1000000.0,0,0,0,0,0,0,0,0,0,0
15/16,West Ham,379,26500000.0,0.0,26500000.0,0,0,2,0,0,0,0,0,0,0
15/16,Liverpool,31,32000000.0,72500000.0,-40500000.0,0,0,2,0,0,0,0,0,0,0
15/16,Stoke,512,25600000.0,19000000.0,6600000.0,0,0,0,0,0,0,0,0,0,0
15/16,Chelsea,631,75500000.0,21000000.0,54500000.0,0,0,1,0,0,0,0,0,0,0
15/16,Everton,29,19600000.0,0.0,19600000.0,0,0,0,0,0,0,0,0,0,0
15/16,Swansea,2288,1200000.0,0.0,1200000.0,0,0,0,0,0,0,0,0,0,0
15/16,Watford,1010,23800000.0,0.0,23800000.0,0,0,0,0,0,1,0,0,0,0
15/16,West Brom,984,25300000.0,0.0,25300000.0,0,0,0,0,0,0,0,0,0,0
15/16,Crystal Palace,873,4900000.0,0.0,4900000.0,0,0,0,0,0,0,0,0,0,0
15/16,Bournemouth,989,21300000.0,0.0,21300000.0,0,0,0,0,0,0,0,0,0,0
15/16,Sunderland,289,2800000.0,0.0,2800000.0,0,0,0,0,0,0,0,0,0,0
15/16,Newcastle,762,69210000.0,600000.0,68610000.0,0,0,0,0,0,0,0,0,0,0
15/16,Norwich,1123,9900000.0,0.0,9900000.0,0,0,0,0,0,0,0,0,0,0
15/16,Aston Villa,405,52000000.0,3800000.0,48200000.0,0,0,0,0,0,0,0,0,0,0
16/17,Chelsea,631,97800000.0,29000000.0,68800000.0,0,0,1,0,0,0,0,0,0,0
16/17,Tottenham,148,57000000.0,30500000.0,26500000.0,0,0,2,0,0,0,0,0,0,0
16/17,Man City,281,165250000.0,12500000.0,152750000.0,0,0,4,0,0,0,0,0,0,0
16/17,Liverpool,31,74900000.0,23580000.0,51320000.0,0,0,2,0,0,0,0,0,0,0
16/17,Arsenal,11,72000000.0,5000000.0,67000000.0,0,0,0,0,0,0,0,0,0,0
16/17,Man United,985,185000000.0,5250000.0,179750000.0,0,0,0,0,0,0,0,0,0,0
16/17,Everton,29,39200000.0,55600000.0,-16400000.0,0,0,0,0,0,0,0,0,0,0
16/17,Southampton,180,51900000.0,46200000.0,5700000.0,0,0,0,0,0,0,0,0,0,0
16/17,Bournemouth,989,13500000.0,12000000.0,1500000.0,0,0,0,0,0,0,0,0,0,0
16/17,West Brom,984,19900000.0,1200000.0,18700000.0,0,0,0,0,0,0,0,0,0,0
16/17,West Ham,379,49600000.0,11700000.0,37900000.0,0,0,0,0,0,0,0,0,0,0
16/17,Leicester,1003,74500000.0,49100000.0,25400000.0,0,0,1,0,0,0,0,0,0,0
16/17,Stoke,512,19120000.0,0.0,19120000.0,0,0,0,0,0,0,0,0,0,0
16/17,Crystal Palace,873,27300000.0,45600000.0,-18300000.0,0,0,0,0,0,0,0,0,0,0
16/17,Swansea,2288,8100000.0,24100000.0,-16000000.0,0,0,0,0,0,0,0,0,0,0
16/17,Burnley,1132,16100000.0,0.0,16100000.0,0,0,1,0,0,0,0,0,0,0
16/17,Watford,1010,44450000.0,14100000.0,30350000.0,0,0,0,0,0,0,0,0,0,0
16/17,Hull,3008,4100000.0,0.0,4100000.0,0,0,1,0,0,0,0,0,0,0
16/17,Middlesbrough,641,18750000.0,0.0,18750000.0,0,0,0,0,0,0,0,0,0,0
16/17,Sunderland,289,16250000.0,0.0,16250000.0,0,0,1,0,0,0,0,1,0,0
17/18,Man City,281,244700000.0,50950000.0,193750000.0,0,0,1,0,0,0,0,0,0,0
17/18,Man United,985,164400000.0,8500000.0,155900000.0,0,0,1,0,0,1,0,0,0,0
17/18,Tottenham,148,77500000.0,81900000.0,-4400000.0,0,0,1,0,0,0,1,0,0,0
17/18,Liverpool,31,89000000.0,28200000.0,60800000.0,0,0,0,0,0,0,0,0,0,0
17/18,Chelsea,631,168800000.0,109000000.0,59800000.0,0,0,2,0,0,0,0,0,0,0
17/18,Arsenal,11,53000000.0,67400000.0,-14400000.0,0,0,1,0,0,0,0,0,0,0
17/18,Burnley,1132,25500000.0,48900000.0,-23400000.0,0,0,0,0,1,0,0,0,0,0
17/18,Everton,29,158200000.0,96700000.0,61500000.0,0,0,2,0,0,0,0,0,0,0
17/18,Leicester,1003,76900000.0,9500000.0,67400000.0,0,0,0,0,0,0,0,0,0,0
17/18,Newcastle,762,31800000.0,14920000.0,16880000.0,0,0,0,0,0,0,0,0,0,0
17/18,Crystal Palace,873,37200000.0,3000000.0,34200000.0,0,0,0,0,0,0,0,0,0,0
17/18,Bournemouth,989,34300000.0,0.0,34300000.0,0,0,0,0,0,0,0,0,0,0
17/18,West Ham,379,25300000.0,15350000.0,9950000.0,0,0,1,0,0,0,0,0,0,0
17/18,Watford,1010,43900000.0,13000000.0,30900000.0,0,0,0,0,2,0,0,0,0,0
17/18,Brighton,1237,23400000.0,0.0,23400000.0,0,0,0,0,0,0,0,0,0,0
17/18,Huddersfield,1110,21000000.0,0.0,21000000.0,0,0,0,0,0,1,0,0,0,0
17/18,Southampton,180,39250000.0,13700000.0,25550000.0,0,0,0,0,0,1,0,0,0,0
17/18,Swansea,2288,0.0,63500000.0,-63500000.0,0,0,1,0,0,0,0,0,0,0
17/18,Stoke,512,7700000.0,27800000.0,-20100000.0,0,0,0,0,0,0,0,0,0,0
17/18,West Brom,984,36100000.0,0.0,36100000.0,0,0,0,0,0,0,0,0,0,0
18/19,Man City,281,71190000.0,27600000.0,43590000.0,0,0,2,0,0,0,0,0,0,0
18/19,Liverpool,31,192200000.0,14000000.0,178200000.0,0,0,2,0,0,0,0,0,0,0
18/19,Chelsea,631,137000000.0,35000000.0,102000000.0,0,0,0,0,0,0,0,0,0,0
18/19,Tottenham,148,0.0,0.0,0.0,0,0,1,0,0,0,0,0,0,0
18/19,Arsenal,11,77650000.0,8100000.0,69550000.0,0,0,1,0,0,0,0,0,0,0
18/19,Man United,985,81000000.0,23350000.0,57650000.0,0,0,1,0,0,0,0,0,0,0
18/19,Wolves,543,76600000.0,3400000.0,73200000.0,0,0,1,0,0,0,0,0,0,0
18/19,Everton,29,89650000.0,22500000.0,67150000.0,0,0,0,0,0,0,0,0,0,0
18/19,Leicester,1003,114600000.0,84300000.0,30300000.0,0,0,1,0,0,0,0,0,0,0
18/19,West Ham,379,99400000.0,12400000.0,87000000.0,0,0,1,0,0,0,0,0,0,0
18/19,Watford,1010,23350000.0,47700000.0,-24350000.0,0,0,0,0,0,0,0,0,0,0
18/19,Crystal Palace,873,10700000.0,0.0,10700000.0,0,0,0,0,0,0,0,1,0,0
18/19,Newcastle,762,25700000.0,47650000.0,-21950000.0,0,0,0,0,0,0,0,0,0,0
18/19,Bournemouth,989,56800000.0,2000000.0,54800000.0,0,0,0,0,0,0,0,0,0,0
18/19,Burnley,1132,16100000.0,0.0,16100000.0,0,0,1,0,0,0,0,0,0,0
18/19,Southampton,180,62250000.0,13700000.0,48550000.0,0,0,0,0,0,0,0,0,0,0
18/19,Brighton,1237,66220000.0,3400000.0,62820000.0,0,0,1,0,0,0,0,0,0,0
18/19,Cardiff,603,11350000.0,0.0,11350000.0,0,0,0,0,0,0,0,0,0,0
18/19,Fulham,931,49550000.0,0.0,49550000.0,0,0,0,0,0,0,0,0,0,0
18/19,Huddersfield,1110,10000000.0,0.0,10000000.0,0,0,0,0,0,0,0,0,0,0
19/20,Liverpool,31,1900000.0,39300000.0,-37400000.0,0,0,2,0,0,0,0,1,0,0
19/20,Man City,281,166820000.0,59500000.0,107320000.0,0,0,3,0,0,0,0,0,0,0
19/20,Man United,985,159800000.0,76480000.0,83320000.0,0,0,4,0,0,0,0,0,0,0
19/20,Chelsea,631,45000000.0,14800000.0,30200000.0,0,0,2,0,0,0,0,0,0,0
19/20,Leicester,1003,104300000.0,88500000.0,15800000.0,0,0,0,0,0,0,0,0,1,0
19/20,Tottenham,148,100000000.0,31000000.0,69000000.0,0,0,1,0,0,0,0,0,0,0
19/20,Wolves,543,97100000.0,3400000.0,93700000.0,0,0,0,0,0,0,0,0,0,0
19/20,Arsenal,11,144100000.0,34900000.0,109200000.0,0,0,3,0,0,0,0,0,0,0
19/20,Sheffield United,350,34100000.0,0.0,34100000.0,0,0,0,0,0,0,1,0,0,0
19/20,Burnley,1132,12750000.0,8800000.0,3950000.0,0,0,0,0,0,0,0,0,0,0
19/20,Southampton,180,57500000.0,15500000.0,42000000.0,0,0,0,0,0,0,0,0,0,0
19/20,Everton,29,107900000.0,87800000.0,20100000.0,0,0,1,0,0,0,0,0,0,0
19/20,Newcastle,762,66900000.0,35640000.0,31260000.0,0,0,1,0,0,0,0,0,0,0
19/20,Crystal Palace,873,6100000.0,55000000.0,-48900000.0,0,0,0,0,0,0,0,0,0,0
19/20,Brighton,1237,53340000.0,0.0,53340000.0,0,0,1,0,0,0,0,0,0,0
19/20,West Ham,379,89300000.0,45380000.0,43920000.0,0,0,0,0,0,0,0,0,0,0
19/20,Aston Villa,405,119100000.0,0.0,119100000.0,0,0,0,0,0,1,0,0,0,0
19/20,Bournemouth,989,47760000.0,33400000.0,14360000.0,0,0,1,0,0,0,0,0,0,0
19/20,Watford,1010,36000000.0,20000000.0,16000000.0,0,0,0,0,0,0,0,0,0,0
19/20,Norwich,1123,830000.0,1000000.0,-170000.0,0,0,1,0,1,0,0,0,0,0
20/21,Man City,281,167400000.0,64000000.0,103400000.0,0,0,0,0,0,0,0,0,0,0
20/21,Man United,985,62650000.0,15000000.0,47650000.0,0,0,3,0,0,0,0,0,0,0
20/21,Liverpool,31,80450000.0,15900000.0,64550000.0,0,0,2,0,0,0,0,1,0,0
20/21,Chelsea,631,267200000.0,49500000.0,217700000.0,0,0,0,0,0,0,0,0,0,0
20/21,Leicester,1003,55900000.0,51770000.0,4130000.0,0,0,2,0,0,0,0,0,0,0
20/21,West Ham,379,22200000.0,19500000.0,2700000.0,0,0,1,0,0,0,0,0,0,0
20/21,Tottenham,148,107500000.0,13300000.0,94200000.0,0,0,0,0,0,0,0,0,0,0
20/21,Arsenal,11,84000000.0,17400000.0,66600000.0,0,0,1,0,0,0,0,0,0,0
20/21,Leeds,399,75800000.0,0.0,75800000.0,0,0,0,0,0,0,0,0,0,0
20/21,Everton,29,74370000.0,4430000.0,69940000.0,0,0,1,0,0,0,0,0,0,0
20/21,Aston Villa,405,85550000.0,0.0,85550000.0,0,0,1,0,0,1,0,2,0,0
20/21,Newcastle,762,38750000.0,780000.0,37970000.0,0,0,0,0,0,0,0,0,0,0
20/21,Wolves,543,84589000.0,79200000.0,5389000.0,0,0,0,0,0,0,0,0,0,0
20/21,Crystal Palace,873,18900000.0,20000000.0,-1100000.0,0,0,1,0,0,0,0,0,0,0
20/21,Southampton,180,25300000.0,23100000.0,2200000.0,0,0,2,0,0,0,0,0,0,0
20/21,Brighton,1237,18000000.0,0.0,18000000.0,0,0,1,0,0,0,0,0,0,0
20/21,Burnley,1132,0.0,0.0,0.0,0,0,1,0,0,0,0,1,0,0
20/21,Fulham,931,13450000.0,0.0,13450000.0,0,0,0,0,0,0,0,1,0,0
20/21,West Brom,984,21750000.0,6500000.0,15250000.0,0,0,0,0,0,0,0,0,0,0
20/21,Sheffield United,350,62700000.0,0.0,62700000.0,0,0,0,0,0,0,0,0,0,0
21/22,Man City,281,117500000.0,38800000.0,78700000.0,0,0,1,0,0,0,0,0,0,0
21/22,Liverpool,31,40000000.0,28550000.0,11450000.0,0,0,1,0,0,0,0,0,0,0
21/22,Chelsea,631,113000000.0,153440000.0,-40440000.0,0,0,1,0,0,0,0,0,0,0
21/22,Tottenham,148,66900000.0,32700000.0,34200000.0,0,0,1,0,0,0,0,1,0,0
21/22,Arsenal,11,165600000.0,29400000.0,136200000.0,0,0,1,0,0,0,0,0,0,0
21/22,Man United,985,142000000.0,29100000.0,112900000.0,0,0,0,0,0,0,0,0,0,0
21/22,West Ham,379,67300000.0,3000000.0,64300000.0,0,0,0,0,0,0,0,0,0,0
21/22,Leicester,1003,37600000.0,3000000.0,34600000.0,0,0,1,0,0,0,0,0,0,0
21/22,Brighton,1237,34580000.0,62500000.0,-27920000.0,0,0,0,0,0,1,0,0,0,0
21/22,Wolves,543,26300000.0,31800000.0,-5500000.0,0,0,1,0,0,0,0,0,0,0
21/22,Newcastle,762,29400000.0,0.0,29400000.0,0,0,0,0,0,1,0,0,0,0
21/22,Crystal Palace,873,73440000.0,0.0,73440000.0,0,0,0,0,0,0,0,0,0,0
21/22,Brentford,1148,37200000.0,0.0,37200000.0,0,0,1,0,0,0,0,0,0,0
21/22,Aston Villa,405,99800000.0,127000000.0,-27200000.0,0,0,3,0,0,0,0,0,0,0
21/22,Southampton,180,63400000.0,60350000.0,3050000.0,0,0,0,0,0,0,0,1,0,0
21/22,Everton,29,2000000.0,9000000.0,-7000000.0,0,1,0,0,0,0,0,1,0,0
21/22,Leeds,399,59300000.0,0.0,59300000.0,0,0,2,0,0,0,0,0,0,0
21/22,Burnley,1132,31900000.0,0.0,31900000.0,0,0,0,0,0,0,0,1,0,0
21/22,Watford,1010,17500000.0,11100000.0,6400000.0,0,0,0,0,0,1,1,1,0,0
21/22,Norwich,1123,48750000.0,38400000.0,10350000.0,0,0,0,0,0,0,0,0,0,0
22/23,Man City,281,144000000.0,160170000.0,-16170000.0,0,0,1,0,0,2,0,0,0,0
22/23,Arsenal,11,131600000.0,23800000.0,107800000.0,0,0,2,0,0,0,0,0,0,0
22/23,Man United,985,238020000.0,21650000.0,216370000.0,0,0,4,0,0,0,0,1,0,0
22/23,Newcastle,762,143500000.0,0.0,143500000.0,0,0,2,0,0,1,1,0,0,0
22/23,Liverpool,31,94400000.0,80100000.0,14300000.0,0,0,2,0,0,0,0,1,0,0
22/23,Brighton,1237,45700000.0,111800000.0,-66100000.0,0,0,2,0,0,0,0,0,0,0
22/23,Aston Villa,405,69500000.0,42000000.0,27500000.0,0,0,1,0,0,0,0,0,0,0
22/23,Tottenham,148,173700000.0,38250000.0,135450000.0,0,0,0,0,0,1,0,0,0,0
22/23,Brentford,1148,48250000.0,0.0,48250000.0,0,0,3,0,0,2,0,0,0,0
22/23,Fulham,931,66300000.0,25400000.0,40900000.0,0,0,0,0,0,0,0,0,0,0
22/23,Crystal Palace,873,34600000.0,0.0,34600000.0,0,0,1,0,0,0,0,0,0,0
22/23,Chelsea,631,297750000.0,47700000.0,250050000.0,0,0,3,0,0,0,0,1,0,0
22/23,Wolves,543,139000000.0,59100000.0,79900000.0,0,0,3,0,0,1,0,0,0,0
22/23,West Ham,379,184600000.0,17800000.0,166800000.0,0,0,1,0,0,0,0,0,0,0
22/23,Bournemouth,989,26900000.0,0.0,26900000.0,0,0,0,0,0,0,0,0,0,0
22/23,Nott'm Forest,703,160050000.0,5000000.0,155050000.0,0,0,0,0,0,0,1,0,0,0
22/23,Everton,29,83070000.0,58000000.0,25070000.0,0,0,2,0,0,0,0,1,0,0
22/23,Leicester,1003,17000000.0,81400000.0,-64400000.0,0,0,0,0,0,0,0,0,0,0
22/23,Leeds,399,104340000.0,108200000.0,-3860000.0,0,0,0,0,0,0,0,0,0,0
22/23,Southampton,180,90960000.0,5500000.0,85460000.0,0,0,0,0,0,1,0,0,0,0
23/24,Man City,281,241100000.0,131800000.0,109300000.0,0,0,4,0,0,0,0,0,0,0
23/24,Arsenal,11,231600000.0,66350000.0,165250000.0,0,0,0,0,0,0,0,0,0,0
23/24,Liverpool,31,172000000.0,60700000.0,111300000.0,0,0,3,0,0,0,0,0,0,0
23/24,Aston Villa,405,88000000.0,32550000.0,55450000.0,0,0,1,0,0,0,0,0,0,0
23/24,Tottenham,148,247100000.0,116100000.0,131000000.0,0,0,1,0,0,0,0,0,0,0
23/24,Chelsea,631,464100000.0,264600000.0,199500000.0,0,0,4,0,0,0,0,0,0,0
23/24,Newcastle,762,150000000.0,44600000.0,105400000.0,0,0,2,0,0,0,0,1,0,0
23/24,Man United,985,202700000.0,60770000.0,141930000.0,0,0,1,0,0,1,0,2,0,0
23/24,West Ham,379,137550000.0,157200000.0,-19650000.0,0,0,1,0,0,0,0,0,0,0
23/24,Crystal Palace,873,38700000.0,0.0,38700000.0,0,0,0,0,0,0,0,0,0,0
23/24,Brighton,1237,97700000.0,185650000.0,-87950000.0,0,0,5,0,0,0,0,0,0,0
23/24,Everton,29,37500000.0,75800000.0,-38300000.0,0,0,1,0,0,0,0,2,0,0
23/24,Bournemouth,989,129890000.0,0.0,129890000.0,0,0,0,0,0,0,0,0,0,0
23/24,Fulham,931,68470000.0,52600000.0,15870000.0,0,0,1,0,0,0,0,0,0,0
23/24,Wolves,543,94000000.0,166300000.0,-72300000.0,0,0,0,0,0,0,0,0,0,0
23/24,Brentford,1148,64850000.0,6750000.0,58100000.0,0,0,2,0,0,0,0,0,0,0
23/24,Nott'm Forest,703,122980000.0,64400000.0,58580000.0,0,0,0,0,0,1,0,2,0,0
23/24,Luton,1031,22750000.0,0.0,22750000.0,0,0,0,0,2,0,1,0,0,0
23/24,Burnley,1132,111050000.0,0.0,111050000.0,0,0,0,1,0,0,0,0,0,0
23/24,Sheffield United,350,64450000.0,30900000.0,33550000.0,0,0,3,0,0,0,0,0,0,0
24/25,Liverpool,31,42000000.0,47000000.0,-5000000.0,0,0,3,0,0,0,0,2,0,0
24/25,Arsenal,11,107600000.0,82900000.0,24700000.0,0,0,2,0,0,0,0,1,0,0
24/25,Man City,281,25000000.0,136700000.0,-111700000.0,0,0,1,0,0,0,0,0,0,0
24/25,Chelsea,631,261000000.0,205200000.0,55800000.0,0,0,4,0,0,0,0,0,0,0
24/25,Newcastle,762,68200000.0,76200000.0,-8000000.0,0,0,0,0,0,0,0,4,0,0
24/25,Aston Villa,405,176200000.0,145000000.0,31200000.0,0,0,1,0,0,0,0,0,0,0
24/25,Nott'm Forest,703,105500000.0,86700000.0,18800000.0,0,0,0,0,0,3,0,4,0,0
24/25,Brighton,1237,231200000.0,49240000.0,181960000.0,0,0,1,0,0,1,0,1,0,0
24/25,Bournemouth,989,111270000.0,66090000.0,45180000.0,0,0,0,0,0,0,0,3,0,0
24/25,Brentford,1148,85900000.0,74500000.0,11400000.0,0,0,2,0,0,0,0,2,0,0
24/25,Fulham,931,91550000.0,68800000.0,22750000.0,0,0,2,0,0,0,0,0,0,0
24/25,Crystal Palace,873,77700000.0,100300000.0,-22600000.0,0,0,2,0,0,0,0,2,0,0
24/25,Everton,29,48200000.0,83650000.0,-35450000.0,0,0,1,0,0,0,0,2,0,0
24/25,West Ham,379,144400000.0,46150000.0,98250000.0,0,0,0,0,0,0,0,1,0,0
24/25,Man United,985,214500000.0,111300000.0,103200000.0,0,0,1,0,0,0,0,3,0,0
24/25,Wolves,543,63900000.0,112500000.0,-48600000.0,0,0,0,0,0,0,0,1,0,0
24/25,Tottenham,148,154850000.0,56300000.0,98550000.0,0,0,2,0,0,0,0,0,0,0
24/25,Leicester,1003,88050000.0,35400000.0,52650000.0,0,0,0,0,0,0,0,0,0,0
24/25,Ipswich,677,124990000.0,0.0,124990000.0,0,0,0,0,0,1,0,0,0,0
24/25,Southampton,180,118050000.0,41590000.0,76460000.0,0,0,1,0,1,1,0,0,0,0
25/26,Arsenal,11,294600000.0,8880000.0,285720000.0,0,0,1,0,0,0,0,1,0,0
25/26,Man City,281,206800000.0,74500000.0,132300000.0,0,0,0,0,0,0,0,1,0,0
25/26,Man United,985,250700000.0,68200000.0,182500000.0,0,0,2,0,0,0,0,1,0,0
25/26,Aston Villa,405,37500000.0,45150000.0,-7650000.0,0,0,1,0,0,0,0,1,0,0
25/26,Liverpool,31,481350000.0,216000000.0,265350000.0,0,0,3,0,0,0,0,0,0,0
25/26,Bournemouth,989,136600000.0,235450000.0,-98850000.0,0,0,0,0,0,0,0,0,0,0
25/26,Sunderland,289,188650000.0,45000000.0,143650000.0,0,0,1,0,0,0,0,0,0,0
25/26,Brighton,1237,78000000.0,135700000.0,-57700000.0,0,0,2,0,0,0,0,0,0,0
25/26,Brentford,1148,98700000.0,158760000.0,-60060000.0,0,0,2,0,0,0,1,1,0,0
25/26,Chelsea,631,336850000.0,318450000.0,18400000.0,0,0,0,0,0,0,0,0,0,0
25/26,Fulham,931,40500000.0,17000000.0,23500000.0,0,0,0,0,0,0,0,1,0,0
25/26,Newcastle,762,274250000.0,176000000.0,98250000.0,0,0,2,0,0,1,0,1,0,0
25/26,Everton,29,127750000.0,12600000.0,115150000.0,0,0,1,0,1,0,0,0,0,0
25/26,Leeds,399,113700000.0,6000000.0,107700000.0,0,0,0,0,0,0,0,0,0,0
25/26,Crystal Palace,873,55300000.0,74150000.0,-18850000.0,0,0,2,0,0,0,0,1,0,0
25/26,Nott'm Forest,703,233900000.0,126400000.0,107500000.0,0,0,1,0,0,0,0,2,0,0
25/26,Tottenham,148,205600000.0,41500000.0,164100000.0,0,0,0,0,0,0,0,2,0,0
25/26,West Ham,379,143800000.0,87500000.0,56300000.0,0,0,4,0,0,0,1,2,0,0
25/26,Burnley,1132,129500000.0,34200000.0,95300000.0,0,0,0,0,1,1,0,0,0,0
25/26,Wolves,543,117500000.0,137500000.0,-20000000.0,0,0,1,0,0,2,0,1,0,0
