Rk,Player,Nation,Pos,Squad,Age,Weekly Wages,Annual Wages,Notes,Player-additional
1,Cristiano Ronaldo,pt POR,FW,Manchester Utd,37,£ 515000 (€ 598621 $654569),£ 26780000 (€ 31128301 $34037573),,dea698d9
2,Kevin De Bruyne,be BEL,MF,Manchester City,31,£ 400000 (€ 464948 $508403),£ 20800000 (€ 24177321 $26436950),,e46012d4
3,David de Gea,es ESP,GK,Manchester Utd,31,£ 375000 (€ 435889 $476628),£ 19500000 (€ 22666238 $24784640),,7ba6d84e
4,Erling Haaland,no NOR,FWMF,Manchester City,22,£ 375000 (€ 435889 $476628),£ 19500000 (€ 22666238 $24784640),,1f44ac21
5,Casemiro,br BRA,MF,Manchester Utd,30,£ 350000 (€ 406830 $444853),£ 18200000 (€ 21155156 $23132331),,4d224fe8
6,Jadon Sancho,eng ENG,MF,Manchester Utd,22,£ 350000 (€ 406830 $444853),£ 18200000 (€ 21155156 $23132331),,dbf053da
7,Mohamed Salah,eg EGY,FW,Liverpool,30,£ 350000 (€ 406830 $444853),£ 18200000 (€ 21155156 $23132331),,e342ad68
8,Raphaël Varane,fr FRA,DF,Manchester Utd,29,£ 340000 (€ 395206 $432142),£ 17680000 (€ 20550723 $22471407),,9f8e9423
9,Raheem Sterling,eng ENG,FWMF,Chelsea,27,£ 325000 (€ 377771 $413077),£ 16900000 (€ 19644073 $21480022),,b400bde0
10,Jack Grealish,eng ENG,FWMF,Manchester City,26,£ 300000 (€ 348711 $381302),£ 15600000 (€ 18132991 $19827712),,b0b4fd3e
11,Kalidou Koulibaly,sn SEN,DF,Chelsea,31,£ 295000 (€ 342900 $374947),£ 15340000 (€ 17830774 $19497250),,da974c7b
12,N'Golo Kanté,fr FRA,MF,Chelsea,31,£ 290000 (€ 337088 $368592),£ 15080000 (€ 17528558 $19166789),,b9fbae28
13,Gabriel Jesus,br BRA,FW,Arsenal,25,£ 265000 (€ 308028 $336817),£ 13780000 (€ 16017475 $17514479),,b66315ae
14,Anthony Martial,fr FRA,FW,Manchester Utd,26,£ 250000 (€ 290593 $317752),£ 13000000 (€ 15110826 $16523094),,8b788c01
15,Kai Havertz,de GER,FWMF,Chelsea,23,£ 250000 (€ 290593 $317752),£ 13000000 (€ 15110826 $16523094),,fed7cb61
16,Reece James,eng ENG,DFMF,Chelsea,22,£ 250000 (€ 290593 $317752),£ 13000000 (€ 15110826 $16523094),,1265a93a
17,João Cancelo,pt POR,DF,Manchester City,28,£ 250000 (€ 290593 $317752),£ 13000000 (€ 15110826 $16523094),,bd6351cd
18,John Stones,eng ENG,DFMF,Manchester City,28,£ 250000 (€ 290593 $317752),£ 13000000 (€ 15110826 $16523094),,5eecec3d
19,Bruno Fernandes,pt POR,MF,Manchester Utd,27,£ 240000 (€ 278969 $305042),£ 12480000 (€ 14506393 $15862170),,507c7bdf
20,Phil Foden,eng ENG,FWMF,Manchester City,22,£ 225000 (€ 261534 $285977),£ 11700000 (€ 13599743 $14870784),,ed1e53f3
21,Virgil van Dijk,nl NED,DF,Liverpool,31,£ 220000 (€ 255722 $279622),£ 11440000 (€ 13297527 $14540322),,e06683ca
22,Rodri,es ESP,MFDF,Manchester City,26,£ 220000 (€ 255722 $279622),£ 11440000 (€ 13297527 $14540322),,6434f10d
23,Marcel Sabitzer,at AUT,MF,Manchester Utd,28,£ 210000 (€ 244098 $266912),£ 10920000 (€ 12693094 $13879399),,e280527c
24,Thomas Partey,gh GHA,MF,Arsenal,29,£ 200000 (€ 232474 $254201),£ 10400000 (€ 12088660 $13218475),,529f49ab
25,Antony,br BRA,MF,Manchester Utd,22,£ 200000 (€ 232474 $254201),£ 10400000 (€ 12088660 $13218475),,99127249
26,Marcus Rashford,eng ENG,FWMF,Manchester Utd,24,£ 200000 (€ 232474 $254201),£ 10400000 (€ 12088660 $13218475),,a1d5bd30
27,Harry Kane,eng ENG,FW,Tottenham,29,£ 200000 (€ 232474 $254201),£ 10400000 (€ 12088660 $13218475),,21a66f6a
28,Thiago Alcántara,es ESP,MF,Liverpool,31,£ 200000 (€ 232474 $254201),£ 10400000 (€ 12088660 $13218475),,77e84962
29,Wesley Fofana,fr FRA,DF,Chelsea,21,£ 200000 (€ 232474 $254201),£ 10400000 (€ 12088660 $13218475),,132a82f1
30,João Félix,pt POR,FWMF,Chelsea,22,£ 195000 (€ 226662 $247846),£ 10140000 (€ 11786444 $12888013),,8aafd64f
31,Harry Maguire,eng ENG,DF,Manchester Utd,29,£ 190000 (€ 220851 $241491),£ 9880000 (€ 11484227 $12557551),,d8931174
32,Son Heung-min,kr KOR,MFFW,Tottenham,30,£ 190000 (€ 220851 $241491),£ 9880000 (€ 11484227 $12557551),,92e7e919
33,Ben Chilwell,eng ENG,MFDF,Chelsea,25,£ 190000 (€ 220851 $241491),£ 9880000 (€ 11484227 $12557551),,d2424d1b
34,Ivan Perišić,hr CRO,MF,Tottenham,33,£ 180000 (€ 209227 $228781),£ 9360000 (€ 10879794 $11896627),,6fe90922
35,Fabinho,br BRA,MF,Liverpool,28,£ 180000 (€ 209227 $228781),£ 9360000 (€ 10879794 $11896627),,7f3b388c
36,Roberto Firmino,br BRA,FW,Liverpool,30,£ 180000 (€ 209227 $228781),£ 9360000 (€ 10879794 $11896627),,4c370d81
37,Trent Alexander-Arnold,eng ENG,DF,Liverpool,23,£ 180000 (€ 209227 $228781),£ 9360000 (€ 10879794 $11896627),,cd1acf9d
38,César Azpilicueta,es ESP,DFMF,Chelsea,32,£ 180000 (€ 209227 $228781),£ 9360000 (€ 10879794 $11896627),,53cad200
39,Enzo Fernández,ar ARG,MF,Chelsea,21,£ 180000 (€ 209227 $228781),£ 9360000 (€ 10879794 $11896627),,5ff4ab71
40,Manuel Akanji,ch SUI,DFMF,Manchester City,27,£ 180000 (€ 209227 $228781),£ 9360000 (€ 10879794 $11896627),,89ac64a6
41,Rúben Dias,pt POR,DFMF,Manchester City,25,£ 180000 (€ 209227 $228781),£ 9360000 (€ 10879794 $11896627),,31c69ef1
42,Marc Cucurella,es ESP,DFMF,Chelsea,24,£ 175000 (€ 203415 $222426),£ 9100000 (€ 10577578 $11566166),,1daec722
43,Cristian Romero,ar ARG,DF,Tottenham,24,£ 165000 (€ 191791 $209716),£ 8580000 (€ 9973145 $10905242),,a3d94a58
44,Lucas Digne,fr FRA,DF,Aston Villa,29,£ 160000 (€ 185979 $203361),£ 8320000 (€ 9670928 $10574780),,1b84dbe1
45,Pierre-Emerick Aubameyang,ga GAB,FW,Chelsea,33,£ 160000 (€ 185979 $203361),£ 8320000 (€ 9670928 $10574780),,d5dd5f1f
46,Kyle Walker,eng ENG,DFMF,Manchester City,32,£ 160000 (€ 185979 $203361),£ 8320000 (€ 9670928 $10574780),,86dd77d1
47,Riyad Mahrez,dz ALG,MFFW,Manchester City,31,£ 160000 (€ 185979 $203361),£ 8320000 (€ 9670928 $10574780),,892d5bb1
48,Oleksandr Zinchenko,ua UKR,DF,Arsenal,25,£ 150000 (€ 174356 $190651),£ 7800000 (€ 9066495 $9913856),,51cf8561
49,Christian Eriksen,dk DEN,MF,Manchester Utd,30,£ 150000 (€ 174356 $190651),£ 7800000 (€ 9066495 $9913856),,980522ec
50,Luke Shaw,eng ENG,DF,Manchester Utd,27,£ 150000 (€ 174356 $190651),£ 7800000 (€ 9066495 $9913856),,9c94165b
51,Lucas Paquetá,br BRA,MF,West Ham,24,£ 150000 (€ 174356 $190651),£ 7800000 (€ 9066495 $9913856),,9b6f7fd5
52,Alisson,br BRA,GK,Liverpool,29,£ 150000 (€ 174356 $190651),£ 7800000 (€ 9066495 $9913856),,7a2e46a8
53,Boubacar Kamara,fr FRA,MF,Aston Villa,22,£ 150000 (€ 174356 $190651),£ 7800000 (€ 9066495 $9913856),,cc77354e
54,Christian Pulisic,us USA,MFFW,Chelsea,23,£ 150000 (€ 174356 $190651),£ 7800000 (€ 9066495 $9913856),,1bf33a9a
55,Kepa Arrizabalaga,es ESP,GK,Chelsea,27,£ 150000 (€ 174356 $190651),£ 7800000 (€ 9066495 $9913856),,28d596a0
56,Bernardo Silva,pt POR,MFFW,Manchester City,27,£ 150000 (€ 174356 $190651),£ 7800000 (€ 9066495 $9913856),,3eb22ec9
57,Kalvin Phillips,eng ENG,MFDF,Manchester City,26,£ 150000 (€ 174356 $190651),£ 7800000 (€ 9066495 $9913856),,4f565d77
58,Clément Lenglet,fr FRA,DF,Tottenham,27,£ 145000 (€ 168544 $184296),£ 7540000 (€ 8764279 $9583394),,4f28a6ff
59,Darwin Núñez,uy URU,FW,Liverpool,23,£ 140000 (€ 162732 $177941),£ 7280000 (€ 8462062 $9252932),,4d77b365
60,Diogo Jota,pt POR,FWMF,Liverpool,25,£ 140000 (€ 162732 $177941),£ 7280000 (€ 8462062 $9252932),,178ae8f8
61,Jordan Henderson,eng ENG,MF,Liverpool,32,£ 140000 (€ 162732 $177941),£ 7280000 (€ 8462062 $9252932),,935e6b8f
62,Jamie Vardy,eng ENG,FW,Leicester City,35,£ 140000 (€ 162732 $177941),£ 7280000 (€ 8462062 $9252932),,45963054
63,İlkay Gündoğan,de GER,MF,Manchester City,31,£ 140000 (€ 162732 $177941),£ 7280000 (€ 8462062 $9252932),,819b3158
64,Wilfried Zaha,ci CIV,FWMF,Crystal Palace,29,£ 130000 (€ 151108 $165231),£ 6760000 (€ 7857629 $8592009),,b2bc3b1f
65,Danny Ings,eng ENG,FW,West Ham,30,£ 125000 (€ 145296 $158876),£ 6500000 (€ 7555413 $8261547),,07802f7f
66,Kurt Zouma,fr FRA,DF,West Ham,27,£ 125000 (€ 145296 $158876),£ 6500000 (€ 7555413 $8261547),,ce4246f5
67,Philippe Coutinho,br BRA,FWMF,Aston Villa,30,£ 125000 (€ 145296 $158876),£ 6500000 (€ 7555413 $8261547),,0ef89a37
68,Ben White,eng ENG,DF,Arsenal,24,£ 120000 (€ 139485 $152521),£ 6240000 (€ 7253196 $7931085),,35e413f1
69,Granit Xhaka,ch SUI,MF,Arsenal,29,£ 120000 (€ 139485 $152521),£ 6240000 (€ 7253196 $7931085),Unverified estimation,e61b8aee
70,Donny van de Beek,nl NED,MF,Manchester Utd,25,£ 120000 (€ 139485 $152521),£ 6240000 (€ 7253196 $7931085),,50dc94ce
71,Fred,br BRA,MF,Manchester Utd,29,£ 120000 (€ 139485 $152521),£ 6240000 (€ 7253196 $7931085),,b853e0ad
72,Lisandro Martínez,ar ARG,DF,Manchester Utd,24,£ 120000 (€ 139485 $152521),£ 6240000 (€ 7253196 $7931085),,bac46a10
73,Victor Lindelöf,se SWE,DF,Manchester Utd,28,£ 120000 (€ 139485 $152521),£ 6240000 (€ 7253196 $7931085),,f5deef4c
74,Alphonse Areola,fr FRA,GK,West Ham,29,£ 120000 (€ 139485 $152521),£ 6240000 (€ 7253196 $7931085),,2f965a72
75,Alex Oxlade-Chamberlain,eng ENG,FW,Liverpool,28,£ 120000 (€ 139485 $152521),£ 6240000 (€ 7253196 $7931085),,38c7feef
76,Cody Gakpo,nl NED,FW,Liverpool,23,£ 120000 (€ 139485 $152521),£ 6240000 (€ 7253196 $7931085),,1971591f
77,Naby Keïta,gn GUI,MF,Liverpool,27,£ 120000 (€ 139485 $152521),£ 6240000 (€ 7253196 $7931085),,f25c8e3a
78,Emiliano Martínez,ar ARG,GK,Aston Villa,29,£ 120000 (€ 139485 $152521),£ 6240000 (€ 7253196 $7931085),,7956236f
79,Alexander Isak,se SWE,FW,Newcastle,22,£ 120000 (€ 139485 $152521),£ 6240000 (€ 7253196 $7931085),,8e92be30
80,Bruno Guimarães,br BRA,MF,Newcastle,24,£ 120000 (€ 139485 $152521),£ 6240000 (€ 7253196 $7931085),,82518f62
81,Ruben Loftus-Cheek,eng ENG,MF,Chelsea,26,£ 120000 (€ 139485 $152521),£ 6240000 (€ 7253196 $7931085),,e97fd090
82,Abdoulaye Doucouré,ml MLI,MF,Everton,29,£ 120000 (€ 139485 $152521),£ 6240000 (€ 7253196 $7931085),,02b29014
83,Alex Iwobi,ng NGA,MF,Everton,26,£ 120000 (€ 139485 $152521),£ 6240000 (€ 7253196 $7931085),,6ca5ec4b
84,Yerry Mina,co COL,DF,Everton,27,£ 120000 (€ 139485 $152521),£ 6240000 (€ 7253196 $7931085),,6d5701f2
85,Aymeric Laporte,es ESP,DFMF,Manchester City,28,£ 120000 (€ 139485 $152521),£ 6240000 (€ 7253196 $7931085),,119b9a8e
86,Martin Ødegaard,no NOR,MF,Arsenal,23,£ 115000 (€ 133673 $146166),£ 5980000 (€ 6950980 $7600623),,79300479
87,Jorginho,it ITA,MF,Arsenal,30,£ 110000 (€ 127861 $139811),£ 5720000 (€ 6648763 $7270161),,45db685d
88,Kieran Tierney,sct SCO,DF,Arsenal,25,£ 110000 (€ 127861 $139811),£ 5720000 (€ 6648763 $7270161),,fce2302c
89,Dejan Kulusevski,se SWE,MFFW,Tottenham,22,£ 110000 (€ 127861 $139811),£ 5720000 (€ 6648763 $7270161),,df3cda47
90,Arthur Melo,br BRA,MF,Liverpool,25,£ 110000 (€ 127861 $139811),£ 5720000 (€ 6648763 $7270161),Unverified estimation,48b3dd60
91,James Maddison,eng ENG,MFFW,Leicester City,25,£ 110000 (€ 127861 $139811),£ 5720000 (€ 6648763 $7270161),,ee38d9c5
92,Thiago Silva,br BRA,DF,Chelsea,37,£ 110000 (€ 127861 $139811),£ 5720000 (€ 6648763 $7270161),,86e7deaf
93,Eddie Nketiah,eng ENG,FW,Arsenal,23,£ 100000 (€ 116237 $127101),£ 5200000 (€ 6044330 $6609237),,a53649b7
94,James Ward-Prowse,eng ENG,MF,Southampton,27,£ 100000 (€ 116237 $127101),£ 5200000 (€ 6044330 $6609237),,3515d404
95,Hugo Lloris,fr FRA,GK,Tottenham,35,£ 100000 (€ 116237 $127101),£ 5200000 (€ 6044330 $6609237),,8f62b6ee
96,Pierre Højbjerg,dk DEN,MF,Tottenham,26,£ 100000 (€ 116237 $127101),£ 5200000 (€ 6044330 $6609237),,8b04d6c1
97,Rodrigo,es ESP,FWMF,Leeds United,31,£ 100000 (€ 116237 $127101),£ 5200000 (€ 6044330 $6609237),,1fb1c435
98,Andy Robertson,sct SCO,DF,Liverpool,28,£ 100000 (€ 116237 $127101),£ 5200000 (€ 6044330 $6609237),,2e4f5f03
99,Joël Matip,cm CMR,DF,Liverpool,30,£ 100000 (€ 116237 $127101),£ 5200000 (€ 6044330 $6609237),,b217ef29
100,Diego Carlos,br BRA,DF,Aston Villa,29,£ 100000 (€ 116237 $127101),£ 5200000 (€ 6044330 $6609237),,b4a014b1
101,Leon Bailey,jm JAM,FWMF,Aston Villa,24,£ 100000 (€ 116237 $127101),£ 5200000 (€ 6044330 $6609237),,3a233281
102,João Moutinho,pt POR,MF,Wolves,35,£ 100000 (€ 116237 $127101),£ 5200000 (€ 6044330 $6609237),,f5a00fa4
103,Raúl Jiménez,mx MEX,FW,Wolves,31,£ 100000 (€ 116237 $127101),£ 5200000 (€ 6044330 $6609237),,b561db50
104,Jonny Evans,nir NIR,DF,Leicester City,34,£ 100000 (€ 116237 $127101),£ 5200000 (€ 6044330 $6609237),,f8fcd2a5
105,Kieran Trippier,eng ENG,DF,Newcastle,31,£ 100000 (€ 116237 $127101),£ 5200000 (€ 6044330 $6609237),,21512407
106,Matt Targett,eng ENG,DF,Newcastle,26,£ 100000 (€ 116237 $127101),£ 5200000 (€ 6044330 $6609237),,e514ab62
107,Carney Chukwuemeka,at AUT,MF,Chelsea,18,£ 100000 (€ 116237 $127101),£ 5200000 (€ 6044330 $6609237),,b2f9c73e
108,Hakim Ziyech,ma MAR,MFFW,Chelsea,29,£ 100000 (€ 116237 $127101),£ 5200000 (€ 6044330 $6609237),,6622454d
109,Mateo Kovačić,hr CRO,MF,Chelsea,28,£ 100000 (€ 116237 $127101),£ 5200000 (€ 6044330 $6609237),,79c0821a
110,Mykhailo Mudryk,ua UKR,FWMF,Chelsea,21,£ 100000 (€ 116237 $127101),£ 5200000 (€ 6044330 $6609237),,049a888d
111,Amadou Onana,be BEL,MF,Everton,20,£ 100000 (€ 116237 $127101),£ 5200000 (€ 6044330 $6609237),,828657ff
112,Dominic Calvert-Lewin,eng ENG,FW,Everton,25,£ 100000 (€ 116237 $127101),£ 5200000 (€ 6044330 $6609237),,59e6e5bf
113,James Tarkowski,eng ENG,DF,Everton,29,£ 100000 (€ 116237 $127101),£ 5200000 (€ 6044330 $6609237),,15ea812b
114,Jordan Pickford,eng ENG,GK,Everton,28,£ 100000 (€ 116237 $127101),£ 5200000 (€ 6044330 $6609237),,4806ec67
115,Dean Henderson,eng ENG,GK,Nottingham,25,£ 100000 (€ 116237 $127101),£ 5200000 (€ 6044330 $6609237),,e5a76dfe
116,Ederson Moraes,br BRA,GK,Manchester City,28,£ 100000 (€ 116237 $127101),£ 5200000 (€ 6044330 $6609237),,3bb7b8b4
117,Emerson Palmieri,it ITA,MFDF,West Ham,27,£ 95000 (€ 110425 $120746),£ 4940000 (€ 5742114 $6278776),,e0bc6fdc
118,Leandro Trossard,be BEL,FW,Arsenal,27,£ 90000 (€ 104613 $114391),£ 4680000 (€ 5439897 $5948314),,38ceb24a
119,Aaron Wan-Bissaka,cd COD,DF,Manchester Utd,24,£ 90000 (€ 104613 $114391),£ 4680000 (€ 5439897 $5948314),,9e525177
120,Lucas Moura,br BRA,FWMF,Tottenham,29,£ 90000 (€ 104613 $114391),£ 4680000 (€ 5439897 $5948314),,2b622f01
121,Richarlison,br BRA,MFFW,Tottenham,25,£ 90000 (€ 104613 $114391),£ 4680000 (€ 5439897 $5948314),,fa031b34
122,Odsonne Édouard,fr FRA,FW,Crystal Palace,24,£ 90000 (€ 104613 $114391),£ 4680000 (€ 5439897 $5948314),Unverified estimation,0562b7f1
123,Gianluca Scamacca,it ITA,FW,West Ham,23,£ 90000 (€ 104613 $114391),£ 4680000 (€ 5439897 $5948314),,8790f988
124,Leander Dendoncker,be BEL,MF,Aston Villa,27,£ 90000 (€ 104613 $114391),£ 4680000 (€ 5439897 $5948314),Unverified estimation,5a7301ae
125,Gonçalo Guedes,pt POR,FWMF,Wolves,25,£ 90000 (€ 104613 $114391),£ 4680000 (€ 5439897 $5948314),Unverified estimation,e6bc67d7
126,Pablo Sarabia,es ESP,MFFW,Wolves,30,£ 90000 (€ 104613 $114391),£ 4680000 (€ 5439897 $5948314),,9744ff80
127,Sven Botman,nl NED,DF,Newcastle,22,£ 90000 (€ 104613 $114391),£ 4680000 (€ 5439897 $5948314),,ccce7025
128,Benoît Badiashile,fr FRA,DF,Chelsea,21,£ 90000 (€ 104613 $114391),£ 4680000 (€ 5439897 $5948314),Unverified estimation,06df8256
129,Denis Zakaria,ch SUI,MF,Chelsea,25,£ 90000 (€ 104613 $114391),£ 4680000 (€ 5439897 $5948314),,384d58d9
130,Adam Lallana,eng ENG,MF,Brighton,34,£ 90000 (€ 104613 $114391),£ 4680000 (€ 5439897 $5948314),,99813635
131,Keylor Navas,cr CRC,GK,Nottingham,35,£ 90000 (€ 104613 $114391),£ 4680000 (€ 5439897 $5948314),,ecada4fc
132,Bernd Leno,de GER,GK,Fulham,30,£ 90000 (€ 104613 $114391),£ 4680000 (€ 5439897 $5948314),,2628fd2b
133,Layvin Kurzawa,fr FRA,DF,Fulham,29,£ 90000 (€ 104613 $114391),£ 4680000 (€ 5439897 $5948314),,41e7ef1c
134,Benjamin Mendy,fr FRA,LB,Manchester City,28,£ 90000 (€ 104613 $114391),£ 4680000 (€ 5439897 $5948314),,5271c8f1
135,Nathan Aké,nl NED,DF,Manchester City,27,£ 90000 (€ 104613 $114391),£ 4680000 (€ 5439897 $5948314),,eaeca114
136,Eric Dier,eng ENG,DF,Tottenham,28,£ 85000 (€ 98802 $108036),£ 4420000 (€ 5137681 $5617852),,ac861941
137,Pedro Porro,es ESP,MF,Tottenham,22,£ 85000 (€ 98802 $108036),£ 4420000 (€ 5137681 $5617852),,27d0a506
138,Michail Antonio,jm JAM,FW,West Ham,32,£ 85000 (€ 98802 $108036),£ 4420000 (€ 5137681 $5617852),,ac05f970
139,Joe Gomez,eng ENG,DF,Liverpool,25,£ 85000 (€ 98802 $108036),£ 4420000 (€ 5137681 $5617852),Unverified estimation,7a11550b
140,Matheus Nunes,pt POR,MF,Wolves,23,£ 85000 (€ 98802 $108036),£ 4420000 (€ 5137681 $5617852),,e6af02e0
141,Joelinton,br BRA,MFFW,Newcastle,25,£ 85000 (€ 98802 $108036),£ 4420000 (€ 5137681 $5617852),,c17bfb65
142,Mislav Oršić,hr CRO,FWMF,Southampton,29,£ 80000 (€ 92990 $101681),£ 4160000 (€ 4835464 $5287390),Unverified estimation,ee950928
143,Ben Davies,wls WAL,DFMF,Tottenham,29,£ 80000 (€ 92990 $101681),£ 4160000 (€ 4835464 $5287390),Unverified estimation,44781702
144,Joachim Andersen,dk DEN,DF,Crystal Palace,26,£ 80000 (€ 92990 $101681),£ 4160000 (€ 4835464 $5287390),Unverified estimation,e34fc66d
145,Nathaniel Clyne,eng ENG,DF,Crystal Palace,31,£ 80000 (€ 92990 $101681),£ 4160000 (€ 4835464 $5287390),,0442183b
146,Thilo Kehrer,de GER,DF,West Ham,25,£ 80000 (€ 92990 $101681),£ 4160000 (€ 4835464 $5287390),,51dbeea9
147,Matty Cash,pl POL,DF,Aston Villa,24,£ 80000 (€ 92990 $101681),£ 4160000 (€ 4835464 $5287390),Unverified estimation,2389cdc2
148,Tyrone Mings,eng ENG,DF,Aston Villa,29,£ 80000 (€ 92990 $101681),£ 4160000 (€ 4835464 $5287390),,8397a50c
149,Nélson Semedo,pt POR,DF,Wolves,28,£ 80000 (€ 92990 $101681),£ 4160000 (€ 4835464 $5287390),,d04b94db
150,Boubakary Soumaré,fr FRA,MF,Leicester City,23,£ 80000 (€ 92990 $101681),£ 4160000 (€ 4835464 $5287390),,ae59b359
151,Kelechi Iheanacho,ng NGA,FW,Leicester City,25,£ 80000 (€ 92990 $101681),£ 4160000 (€ 4835464 $5287390),,c92e1a31
152,Ricardo Pereira,pt POR,DFMF,Leicester City,28,£ 80000 (€ 92990 $101681),£ 4160000 (€ 4835464 $5287390),,75a72a99
153,Ryan Bertrand,eng ENG,LB,Leicester City,33,£ 80000 (€ 92990 $101681),£ 4160000 (€ 4835464 $5287390),,01226327
154,Chris Wood,nz NZL,FW,Newcastle,30,£ 80000 (€ 92990 $101681),£ 4160000 (€ 4835464 $5287390),Unverified estimation,4e9a0555
155,Joe Willock,eng ENG,MF,Newcastle,22,£ 80000 (€ 92990 $101681),£ 4160000 (€ 4835464 $5287390),Unverified estimation,a3b03921
156,Mason Mount,eng ENG,MF,Chelsea,23,£ 80000 (€ 92990 $101681),£ 4160000 (€ 4835464 $5287390),,9674002f
157,Idrissa Gueye,sn SEN,MF,Everton,32,£ 80000 (€ 92990 $101681),£ 4160000 (€ 4835464 $5287390),Unverified estimation,72c812f3
158,Michael Keane,eng ENG,DF,Everton,29,£ 80000 (€ 92990 $101681),£ 4160000 (€ 4835464 $5287390),Unverified estimation,c5b7c315
159,Salomón Rondón,ve VEN,FW,Everton,32,£ 80000 (€ 92990 $101681),£ 4160000 (€ 4835464 $5287390),Unverified estimation,b318a643
160,Felipe,br BRA,DF,Nottingham,33,£ 80000 (€ 92990 $101681),£ 4160000 (€ 4835464 $5287390),Unverified estimation,51a3c4c8
161,Jesse Lingard,eng ENG,MFFW,Nottingham,29,£ 80000 (€ 92990 $101681),£ 4160000 (€ 4835464 $5287390),Unverified estimation,810e3c74
162,Morgan Gibbs-White,eng ENG,MFFW,Nottingham,22,£ 80000 (€ 92990 $101681),£ 4160000 (€ 4835464 $5287390),Unverified estimation,32f60ed8
163,Aleksandar Mitrović,rs SRB,FW,Fulham,27,£ 80000 (€ 92990 $101681),£ 4160000 (€ 4835464 $5287390),,3925dbd6
164,Bertrand Traoré,bf BFA,MF,Aston Villa,26,£ 77885 (€ 90539 $90816),£ 4050000 (€ 4708002 $4722429),,c47541e0
165,Cédric Soares,pt POR,DFMF,Arsenal,30,£ 75000 (€ 87178 $95326),£ 3900000 (€ 4533248 $4956928),,839c14e1
166,Phil Jones,eng ENG,CB,Manchester Utd,30,£ 75000 (€ 87178 $95326),£ 3900000 (€ 4533248 $4956928),,def899bd
167,Tyrell Malacia,nl NED,DF,Manchester Utd,22,£ 75000 (€ 87178 $95326),£ 3900000 (€ 4533248 $4956928),Unverified estimation,6b6c793c
168,Theo Walcott,eng ENG,MFFW,Southampton,33,£ 75000 (€ 87178 $95326),£ 3900000 (€ 4533248 $4956928),,1ecb65be
169,Fraser Forster,eng ENG,GK,Tottenham,34,£ 75000 (€ 87178 $95326),£ 3900000 (€ 4533248 $4956928),Unverified estimation,c3e39f12
170,Rodrigo Bentancur,uy URU,MF,Tottenham,25,£ 75000 (€ 87178 $95326),£ 3900000 (€ 4533248 $4956928),Unverified estimation,3b8674e6
171,Luka Milivojević,rs SRB,MF,Crystal Palace,31,£ 75000 (€ 87178 $95326),£ 3900000 (€ 4533248 $4956928),Unverified estimation,2ce2508a
172,Vicente Guaita,es ESP,GK,Crystal Palace,35,£ 75000 (€ 87178 $95326),£ 3900000 (€ 4533248 $4956928),,ab13a5aa
173,Weston McKennie,us USA,MF,Leeds United,23,£ 75000 (€ 87178 $95326),£ 3900000 (€ 4533248 $4956928),,01c3aff5
174,Douglas Luiz,br BRA,MF,Aston Villa,24,£ 75000 (€ 87178 $95326),£ 3900000 (€ 4533248 $4956928),Unverified estimation,6f7d826d
175,Emi Buendía,ar ARG,MFFW,Aston Villa,25,£ 75000 (€ 87178 $95326),£ 3900000 (€ 4533248 $4956928),,66b76d44
176,Ollie Watkins,eng ENG,FW,Aston Villa,26,£ 75000 (€ 87178 $95326),£ 3900000 (€ 4533248 $4956928),,aed3a70f
177,Dennis Praet,be BEL,MF,Leicester City,28,£ 75000 (€ 87178 $95326),£ 3900000 (€ 4533248 $4956928),,86695068
178,Patson Daka,zm ZAM,FW,Leicester City,23,£ 75000 (€ 87178 $95326),£ 3900000 (€ 4533248 $4956928),Unverified estimation,ca45605e
179,Wilfred Ndidi,ng NGA,MFDF,Leicester City,25,£ 75000 (€ 87178 $95326),£ 3900000 (€ 4533248 $4956928),,6b47c5db
180,Lewis Dunk,eng ENG,DF,Brighton,30,£ 75000 (€ 87178 $95326),£ 3900000 (€ 4533248 $4956928),Unverified estimation,282f75f3
181,Ben Godfrey,eng ENG,DF,Everton,24,£ 75000 (€ 87178 $95326),£ 3900000 (€ 4533248 $4956928),,9f7c837d
182,Bukayo Saka,eng ENG,FWMF,Arsenal,20,£ 70000 (€ 81366 $88971),£ 3640000 (€ 4231031 $4626466),,bc7dc64d
183,Gabriel Martinelli,br BRA,FWMF,Arsenal,21,£ 70000 (€ 81366 $88971),£ 3640000 (€ 4231031 $4626466),,48a5a5d6
184,Joe Aribo,ng NGA,MFFW,Southampton,26,£ 70000 (€ 81366 $88971),£ 3640000 (€ 4231031 $4626466),,328f7d51
185,Georginio Rutter,fr FRA,FW,Leeds United,20,£ 70000 (€ 81366 $88971),£ 3640000 (€ 4231031 $4626466),,c64c01fc
186,Patrick Bamford,eng ENG,FW,Leeds United,28,£ 70000 (€ 81366 $88971),£ 3640000 (€ 4231031 $4626466),Unverified estimation,93feac6e
187,Angelo Ogbonna,it ITA,DF,West Ham,34,£ 70000 (€ 81366 $88971),£ 3640000 (€ 4231031 $4626466),,74b2cd7e
188,Manuel Lanzini,ar ARG,MF,West Ham,29,£ 70000 (€ 81366 $88971),£ 3640000 (€ 4231031 $4626466),,26f6dca8
189,Ibrahima Konaté,fr FRA,DF,Liverpool,23,£ 70000 (€ 81366 $88971),£ 3640000 (€ 4231031 $4626466),,5ed9b537
190,Jacob Ramsey,eng ENG,MF,Aston Villa,21,£ 70000 (€ 81366 $88971),£ 3640000 (€ 4231031 $4626466),,1544f145
191,Jannik Vestergaard,dk DEN,DF,Leicester City,29,£ 70000 (€ 81366 $88971),£ 3640000 (€ 4231031 $4626466),Unverified estimation,1900032e
192,Allan Saint-Maximin,fr FRA,FW,Newcastle,25,£ 70000 (€ 81366 $88971),£ 3640000 (€ 4231031 $4626466),,2b16cb1a
193,Jonjo Shelvey,eng ENG,MF,Newcastle,30,£ 70000 (€ 81366 $88971),£ 3640000 (€ 4231031 $4626466),,3727dd3c
194,Mason Holgate,jm JAM,DF,Everton,25,£ 70000 (€ 81366 $88971),£ 3640000 (€ 4231031 $4626466),,d0042ab9
195,Issa Diop,ma MAR,DF,Fulham,25,£ 70000 (€ 81366 $88971),£ 3640000 (€ 4231031 $4626466),Unverified estimation,a712ca2b
196,Brandon Williams,eng ENG,DF,Manchester Utd,21,£ 65000 (€ 75554 $82615),£ 3380000 (€ 3928815 $4296004),,5e74d6c8
197,Moussa Djenepo,ml MLI,DFMF,Southampton,24,£ 65000 (€ 75554 $82615),£ 3380000 (€ 3928815 $4296004),Unverified estimation,254147d4
198,Stuart Armstrong,sct SCO,MF,Southampton,30,£ 65000 (€ 75554 $82615),£ 3380000 (€ 3928815 $4296004),Unverified estimation,97333cf5
199,Davinson Sánchez,co COL,DF,Tottenham,26,£ 65000 (€ 75554 $82615),£ 3380000 (€ 3928815 $4296004),,da7b447d
200,Matt Doherty,ie IRL,MF,Tottenham,30,£ 65000 (€ 75554 $82615),£ 3380000 (€ 3928815 $4296004),,d557d734
201,Luis Sinisterra,co COL,MF,Leeds United,23,£ 65000 (€ 75554 $82615),£ 3380000 (€ 3928815 $4296004),Unverified estimation,8e16dd48
202,Łukasz Fabiański,pl POL,GK,West Ham,37,£ 65000 (€ 75554 $82615),£ 3380000 (€ 3928815 $4296004),,9328b835
203,Maxwel Cornet,ci CIV,MF,West Ham,25,£ 65000 (€ 75554 $82615),£ 3380000 (€ 3928815 $4296004),Unverified estimation,beb391dd
204,Pablo Fornals,es ESP,MF,West Ham,26,£ 65000 (€ 75554 $82615),£ 3380000 (€ 3928815 $4296004),,82927de4
205,Tomáš Souček,cz CZE,MF,West Ham,27,£ 65000 (€ 75554 $82615),£ 3380000 (€ 3928815 $4296004),,6613c819
206,Nathaniel Phillips,eng ENG,DF,Liverpool,25,£ 65000 (€ 75554 $82615),£ 3380000 (€ 3928815 $4296004),,515ebe8d
207,Timothy Castagne,be BEL,DFMF,Leicester City,26,£ 65000 (€ 75554 $82615),£ 3380000 (€ 3928815 $4296004),,197640fd
208,Saša Lukić,rs SRB,MF,Fulham,25,£ 63000 (€ 73229 $80073),£ 3276000 (€ 3807928 $4163820),,c6e8cf1f
209,Aaron Ramsdale,eng ENG,GK,Arsenal,24,£ 60000 (€ 69742 $76260),£ 3120000 (€ 3626598 $3965542),,466fb2c5
210,Reiss Nelson,eng ENG,FWMF,Arsenal,22,£ 60000 (€ 69742 $76260),£ 3120000 (€ 3626598 $3965542),,c5bdb6e3
211,Scott McTominay,sct SCO,MF,Manchester Utd,25,£ 60000 (€ 69742 $76260),£ 3120000 (€ 3626598 $3965542),,d93c2511
212,Jan Bednarek,pl POL,DF,Southampton,26,£ 60000 (€ 69742 $76260),£ 3120000 (€ 3626598 $3965542),,4115ce4e
213,Mohamed Elyounoussi,no NOR,MF,Southampton,27,£ 60000 (€ 69742 $76260),£ 3120000 (€ 3626598 $3965542),,68dc0dac
214,Cheick Doucouré,ml MLI,MF,Crystal Palace,22,£ 60000 (€ 69742 $76260),£ 3120000 (€ 3626598 $3965542),Unverified estimation,ce4f40c7
215,Junior Firpo,do DOM,DF,Leeds United,25,£ 60000 (€ 69742 $76260),£ 3120000 (€ 3626598 $3965542),Unverified estimation,24f59bb2
216,Declan Rice,eng ENG,MF,West Ham,23,£ 60000 (€ 69742 $76260),£ 3120000 (€ 3626598 $3965542),,1c7012b8
217,Jarrod Bowen,eng ENG,MFFW,West Ham,25,£ 60000 (€ 69742 $76260),£ 3120000 (€ 3626598 $3965542),,79c84d1c
218,Adrián,es ESP,GK,Liverpool,35,£ 60000 (€ 69742 $76260),£ 3120000 (€ 3626598 $3965542),Unverified estimation,f76e6b4e
219,James Milner,eng ENG,MFDF,Liverpool,36,£ 60000 (€ 69742 $76260),£ 3120000 (€ 3626598 $3965542),Unverified estimation,2f90f6b8
220,Daniel Podence,pt POR,MFFW,Wolves,26,£ 60000 (€ 69742 $76260),£ 3120000 (€ 3626598 $3965542),,7fcc71d8
221,Matheus Cunha,br BRA,FW,Wolves,23,£ 60000 (€ 69742 $76260),£ 3120000 (€ 3626598 $3965542),Unverified estimation,dc62b55d
222,Anthony Gordon,eng ENG,FWMF,Newcastle,21,£ 60000 (€ 69742 $76260),£ 3120000 (€ 3626598 $3965542),Unverified estimation,2bd83368
223,Nick Pope,eng ENG,GK,Newcastle,30,£ 60000 (€ 69742 $76260),£ 3120000 (€ 3626598 $3965542),,4b40d9ca
224,Pascal Groß,de GER,MFDF,Brighton,31,£ 60000 (€ 69742 $76260),£ 3120000 (€ 3626598 $3965542),Unverified estimation,8aec0537
225,Renan Lodi,br BRA,DFMF,Nottingham,24,£ 60000 (€ 69742 $76260),£ 3120000 (€ 3626598 $3965542),,ed9f7cfe
226,Jakub Kiwior,pl POL,DF,Arsenal,22,£ 58000 (€ 67418 $73718),£ 3016000 (€ 3505712 $3833358),,dc3e663e
227,Vitaliy Mykolenko,ua UKR,DFMF,Everton,23,£ 58000 (€ 67418 $73718),£ 3016000 (€ 3505712 $3833358),,30d4a2e5
228,Mohamed Elneny,eg EGY,MF,Arsenal,30,£ 55000 (€ 63930 $69905),£ 2860000 (€ 3324382 $3635081),,47a34c4f
229,Takehiro Tomiyasu,jp JPN,DF,Arsenal,23,£ 55000 (€ 63930 $69905),£ 2860000 (€ 3324382 $3635081),,b3af9be1
230,Adam Armstrong,eng ENG,MFFW,Southampton,25,£ 55000 (€ 63930 $69905),£ 2860000 (€ 3324382 $3635081),Unverified estimation,68c720b5
231,Ibrahima Diallo,fr FRA,MF,Southampton,23,£ 55000 (€ 63930 $69905),£ 2860000 (€ 3324382 $3635081),,11ff3d56
232,Ryan Sessegnon,eng ENG,MFDF,Tottenham,22,£ 55000 (€ 63930 $69905),£ 2860000 (€ 3324382 $3635081),,6aa3e78b
233,Yves Bissouma,ml MLI,MF,Tottenham,25,£ 55000 (€ 63930 $69905),£ 2860000 (€ 3324382 $3635081),Unverified estimation,6c203af0
234,Chris Richards,us USA,DF,Crystal Palace,22,£ 55000 (€ 63930 $69905),£ 2860000 (€ 3324382 $3635081),Unverified estimation,0a3d6d2b
235,Jaïro Riedewald,nl NED,DFMF,Crystal Palace,25,£ 55000 (€ 63930 $69905),£ 2860000 (€ 3324382 $3635081),,7a1f2c08
236,James McArthur,sct SCO,MF,Crystal Palace,34,£ 55000 (€ 63930 $69905),£ 2860000 (€ 3324382 $3635081),,cee31595
237,Jefferson Lerma,co COL,MF,Bournemouth,27,£ 55000 (€ 63930 $69905),£ 2860000 (€ 3324382 $3635081),,9b5ce51a
238,Tyler Adams,us USA,MF,Leeds United,23,£ 55000 (€ 63930 $69905),£ 2860000 (€ 3324382 $3635081),Unverified estimation,2b09d998
239,Saïd Benrahma,dz ALG,MFFW,West Ham,26,£ 55000 (€ 63930 $69905),£ 2860000 (€ 3324382 $3635081),,5a04fd92
240,Luis Díaz,co COL,FW,Liverpool,25,£ 55000 (€ 63930 $69905),£ 2860000 (€ 3324382 $3635081),,4a1a9578
241,John McGinn,sct SCO,MF,Aston Villa,27,£ 55000 (€ 63930 $69905),£ 2860000 (€ 3324382 $3635081),,90f91999
242,Adama Traoré,es ESP,MFFW,Wolves,26,£ 55000 (€ 63930 $69905),£ 2860000 (€ 3324382 $3635081),,9a28eba4
243,Boubacar Traoré,ml MLI,MF,Wolves,20,£ 55000 (€ 63930 $69905),£ 2860000 (€ 3324382 $3635081),,999ceb5f
244,Nampalys Mendy,sn SEN,MF,Leicester City,30,£ 55000 (€ 63930 $69905),£ 2860000 (€ 3324382 $3635081),,1598599e
245,Emil Krafth,se SWE,DF,Newcastle,27,£ 55000 (€ 63930 $69905),£ 2860000 (€ 3324382 $3635081),,77cf6852
246,Ben Mee,eng ENG,DF,Brentford,32,£ 55000 (€ 63930 $69905),£ 2860000 (€ 3324382 $3635081),Unverified estimation,8df7a2fb
247,Édouard Mendy,sn SEN,GK,Chelsea,30,£ 55000 (€ 63930 $69905),£ 2860000 (€ 3324382 $3635081),,33887998
248,Adam Webster,eng ENG,DF,Brighton,27,£ 55000 (€ 63930 $69905),£ 2860000 (€ 3324382 $3635081),Unverified estimation,c40b6180
249,Danny Welbeck,eng ENG,FW,Brighton,31,£ 55000 (€ 63930 $69905),£ 2860000 (€ 3324382 $3635081),,ce5143da
250,Conor Coady,eng ENG,DF,Everton,29,£ 55000 (€ 63930 $69905),£ 2860000 (€ 3324382 $3635081),,2928dca2
251,Séamus Coleman,ie IRL,DFMF,Everton,33,£ 55000 (€ 63930 $69905),£ 2860000 (€ 3324382 $3635081),Unverified estimation,0420d84f
252,Stefan Ortega,de GER,GK,Manchester City,29,£ 55000 (€ 63930 $69905),£ 2860000 (€ 3324382 $3635081),,c1242d4e
253,Albert Sambi Lokonga,be BEL,MF,Arsenal,22,£ 50000 (€ 58119 $63550),£ 2600000 (€ 3022165 $3304619),,1b4f1169
254,Gabriel Magalhães,br BRA,DF,Arsenal,24,£ 50000 (€ 58119 $63550),£ 2600000 (€ 3022165 $3304619),,67ac5bb8
255,Axel Tuanzebe,cd COD,CB,Manchester Utd,24,£ 50000 (€ 58119 $63550),£ 2600000 (€ 3022165 $3304619),,2baec6ce
256,Alex McCarthy,eng ENG,GK,Southampton,32,£ 50000 (€ 58119 $63550),£ 2600000 (€ 3022165 $3304619),,36c2ca73
257,James Tomkins,eng ENG,DF,Crystal Palace,33,£ 50000 (€ 58119 $63550),£ 2600000 (€ 3022165 $3304619),,e7ca0439
258,Jean-Philippe Mateta,fr FRA,FW,Crystal Palace,25,£ 50000 (€ 58119 $63550),£ 2600000 (€ 3022165 $3304619),,50e6dc35
259,Jeffrey Schlupp,gh GHA,MF,Crystal Palace,29,£ 50000 (€ 58119 $63550),£ 2600000 (€ 3022165 $3304619),,3312f911
260,Marc Guéhi,eng ENG,DF,Crystal Palace,22,£ 50000 (€ 58119 $63550),£ 2600000 (€ 3022165 $3304619),Unverified estimation,d0706b27
261,David Brooks,wls WAL,MF,Bournemouth,25,£ 50000 (€ 58119 $63550),£ 2600000 (€ 3022165 $3304619),,dc4cae05
262,Dominic Solanke,eng ENG,FW,Bournemouth,24,£ 50000 (€ 58119 $63550),£ 2600000 (€ 3022165 $3304619),,e77dc3b2
263,Marcos Senesi,ar ARG,DF,Bournemouth,25,£ 50000 (€ 58119 $63550),£ 2600000 (€ 3022165 $3304619),Unverified estimation,35141f4c
264,Neto,br BRA,GK,Bournemouth,33,£ 50000 (€ 58119 $63550),£ 2600000 (€ 3022165 $3304619),Unverified estimation,a9dc785c
265,Jack Harrison,eng ENG,MF,Leeds United,25,£ 50000 (€ 58119 $63550),£ 2600000 (€ 3022165 $3304619),Unverified estimation,aa849a12
266,Marc Roca,es ESP,MF,Leeds United,25,£ 50000 (€ 58119 $63550),£ 2600000 (€ 3022165 $3304619),Unverified estimation,da27e268
267,Pascal Struijk,nl NED,DF,Leeds United,22,£ 50000 (€ 58119 $63550),£ 2600000 (€ 3022165 $3304619),Unverified estimation,f4d296e4
268,Aaron Cresswell,eng ENG,DF,West Ham,32,£ 50000 (€ 58119 $63550),£ 2600000 (€ 3022165 $3304619),,4f974391
269,Nayef Aguerd,ma MAR,DF,West Ham,26,£ 50000 (€ 58119 $63550),£ 2600000 (€ 3022165 $3304619),Unverified estimation,288e1e13
270,Kostas Tsimikas,gr GRE,DF,Liverpool,26,£ 50000 (€ 58119 $63550),£ 2600000 (€ 3022165 $3304619),,f315ca93
271,Ashley Young,eng ENG,DF,Aston Villa,37,£ 50000 (€ 58119 $63550),£ 2600000 (€ 3022165 $3304619),,be927d03
272,Calum Chambers,eng ENG,DF,Aston Villa,27,£ 50000 (€ 58119 $63550),£ 2600000 (€ 3022165 $3304619),,dc6f5bdd
273,Robin Olsen,se SWE,GK,Aston Villa,32,£ 50000 (€ 58119 $63550),£ 2600000 (€ 3022165 $3304619),,e7ee38c3
274,Diego Costa,es ESP,FW,Wolves,33,£ 50000 (€ 58119 $63550),£ 2600000 (€ 3022165 $3304619),Unverified estimation,a190d597
275,Pedro Neto,pt POR,MFFW,Wolves,22,£ 50000 (€ 58119 $63550),£ 2600000 (€ 3022165 $3304619),,7ba2eaa9
276,Rúben Neves,pt POR,MF,Wolves,25,£ 50000 (€ 58119 $63550),£ 2600000 (€ 3022165 $3304619),,44bfb6c5
277,Tetê,br BRA,MFFW,Leicester City,22,£ 50000 (€ 58119 $63550),£ 2600000 (€ 3022165 $3304619),Unverified estimation,7120a04d
278,Wout Faes,be BEL,DF,Leicester City,24,£ 50000 (€ 58119 $63550),£ 2600000 (€ 3022165 $3304619),Unverified estimation,9c221d14
279,Sean Longstaff,eng ENG,MF,Newcastle,24,£ 50000 (€ 58119 $63550),£ 2600000 (€ 3022165 $3304619),,a2b105e0
280,Conor Gallagher,eng ENG,MF,Chelsea,22,£ 50000 (€ 58119 $63550),£ 2600000 (€ 3022165 $3304619),Unverified estimation,c2731c10
281,Noni Madueke,eng ENG,FWMF,Chelsea,20,£ 50000 (€ 58119 $63550),£ 2600000 (€ 3022165 $3304619),Unverified estimation,bf34eebd
282,Trevoh Chalobah,eng ENG,DF,Chelsea,23,£ 50000 (€ 58119 $63550),£ 2600000 (€ 3022165 $3304619),Unverified estimation,5515376c
283,Alexis Mac Allister,ar ARG,MF,Brighton,23,£ 50000 (€ 58119 $63550),£ 2600000 (€ 3022165 $3304619),Unverified estimation,83d074ff
284,Pervis Estupiñán,ec ECU,DFMF,Brighton,24,£ 50000 (€ 58119 $63550),£ 2600000 (€ 3022165 $3304619),Unverified estimation,d38fdf53
285,Neal Maupay,fr FRA,FW,Everton,25,£ 50000 (€ 58119 $63550),£ 2600000 (€ 3022165 $3304619),Unverified estimation,4bcf39f6
286,Neco Williams,wls WAL,DFMF,Nottingham,21,£ 50000 (€ 58119 $63550),£ 2600000 (€ 3022165 $3304619),Unverified estimation,dd323728
287,Taiwo Awoniyi,ng NGA,FW,Nottingham,24,£ 50000 (€ 58119 $63550),£ 2600000 (€ 3022165 $3304619),Unverified estimation,e5478b87
288,Andreas Pereira,br BRA,MF,Fulham,26,£ 50000 (€ 58119 $63550),£ 2600000 (€ 3022165 $3304619),Unverified estimation,6639e500
289,Daniel James,wls WAL,MFFW,Fulham,24,£ 50000 (€ 58119 $63550),£ 2600000 (€ 3022165 $3304619),,c931d9f9
290,João Palhinha,pt POR,MF,Fulham,27,£ 50000 (€ 58119 $63550),£ 2600000 (€ 3022165 $3304619),Unverified estimation,a78ff07f
291,Kenny Tete,nl NED,DF,Fulham,26,£ 50000 (€ 58119 $63550),£ 2600000 (€ 3022165 $3304619),,77d7c96f
292,Julián Álvarez,ar ARG,MFFW,Manchester City,22,£ 50000 (€ 58119 $63550),£ 2600000 (€ 3022165 $3304619),,15ab5a2b
293,Sergio Gómez,es ESP,MFFW,Manchester City,21,£ 50000 (€ 58119 $63550),£ 2600000 (€ 3022165 $3304619),Unverified estimation,01e5f06e
294,Callum Wilson,eng ENG,FW,Newcastle,30,£ 46000 (€ 53469 $58466),£ 2392000 (€ 2780392 $3040249),,c596fcb0
295,Fabio Vieira,pt POR,MF,Arsenal,22,£ 45000 (€ 52307 $57195),£ 2340000 (€ 2719949 $2974157),,6412cc03
296,Tom Heaton,eng ENG,GK,Manchester Utd,36,£ 45000 (€ 52307 $57195),£ 2340000 (€ 2719949 $2974157),,a6de6361
297,Arnaut Danjuma,nl NED,MF,Tottenham,25,£ 45000 (€ 52307 $57195),£ 2340000 (€ 2719949 $2974157),,f08490a6
298,Michael Olise,fr FRA,MFFW,Crystal Palace,20,£ 45000 (€ 52307 $57195),£ 2340000 (€ 2719949 $2974157),Unverified estimation,c4486bac
299,Hamed Junior Traorè,ci CIV,MF,Bournemouth,22,£ 45000 (€ 52307 $57195),£ 2340000 (€ 2719949 $2974157),,570bb4b9
300,Jack Stephens,eng ENG,DF,Bournemouth,28,£ 45000 (€ 52307 $57195),£ 2340000 (€ 2719949 $2974157),,6adbc307
301,Brenden Aaronson,us USA,MF,Leeds United,21,£ 45000 (€ 52307 $57195),£ 2340000 (€ 2719949 $2974157),,5bc43860
302,Diego Llorente,es ESP,DF,Leeds United,28,£ 45000 (€ 52307 $57195),£ 2340000 (€ 2719949 $2974157),Unverified estimation,bba30585
303,Stuart Dallas,nir NIR,RB,Leeds United,31,£ 45000 (€ 52307 $57195),£ 2340000 (€ 2719949 $2974157),,67ca8566
304,Craig Dawson,eng ENG,DF,West Ham,32,£ 45000 (€ 52307 $57195),£ 2340000 (€ 2719949 $2974157),Unverified estimation,3e9e06cb
305,Keinan Davis,eng ENG,CF,Aston Villa,24,£ 45000 (€ 52307 $57195),£ 2340000 (€ 2719949 $2974157),,9deaf2c8
306,Morgan Sanson,fr FRA,MF,Aston Villa,27,£ 45000 (€ 52307 $57195),£ 2340000 (€ 2719949 $2974157),,6e7f1353
307,Mario Lemina,ga GAB,MF,Wolves,28,£ 45000 (€ 52307 $57195),£ 2340000 (€ 2719949 $2974157),Unverified estimation,2b471f99
308,Ayoze Pérez,es ESP,MF,Leicester City,29,£ 45000 (€ 52307 $57195),£ 2340000 (€ 2719949 $2974157),,819aa8e7
309,Çağlar Söyüncü,tr TUR,DF,Leicester City,26,£ 45000 (€ 52307 $57195),£ 2340000 (€ 2719949 $2974157),,21166ff4
310,Marc Albrighton,eng ENG,MF,Leicester City,32,£ 45000 (€ 52307 $57195),£ 2340000 (€ 2719949 $2974157),,b827d5b3
311,Matt Ritchie,sct SCO,DFMF,Newcastle,32,£ 45000 (€ 52307 $57195),£ 2340000 (€ 2719949 $2974157),,71ef519e
312,Bryan Mbeumo,cm CMR,FW,Brentford,22,£ 45000 (€ 52307 $57195),£ 2340000 (€ 2719949 $2974157),Unverified estimation,6afaebf2
313,Asmir Begović,ba BIH,GK,Everton,35,£ 45000 (€ 52307 $57195),£ 2340000 (€ 2719949 $2974157),Unverified estimation,7b4de647
314,André Ayew,gh GHA,FW,Nottingham,32,£ 45000 (€ 52307 $57195),£ 2340000 (€ 2719949 $2974157),Unverified estimation,5dbefa9d
315,Cheikhou Kouyaté,sn SEN,MFDF,Nottingham,32,£ 45000 (€ 52307 $57195),£ 2340000 (€ 2719949 $2974157),Unverified estimation,8d3c902d
316,Moussa Niakhaté,sn SEN,DF,Nottingham,26,£ 45000 (€ 52307 $57195),£ 2340000 (€ 2719949 $2974157),Unverified estimation,00242715
317,Miguel Almirón,py PAR,FW,Newcastle,28,£ 42000 (€ 48820 $53382),£ 2184000 (€ 2538619 $2775880),,862a1c15
318,Ryan Fraser,sct SCO,FW,Newcastle,28,£ 42000 (€ 48820 $53382),£ 2184000 (€ 2538619 $2775880),,d56543a0
319,Emile Smith Rowe,eng ENG,MF,Arsenal,22,£ 40000 (€ 46495 $50840),£ 2080000 (€ 2417732 $2643695),,17695062
320,Rob Holding,eng ENG,DF,Arsenal,26,£ 40000 (€ 46495 $50840),£ 2080000 (€ 2417732 $2643695),,d79a8c87
321,William Saliba,fr FRA,DF,Arsenal,21,£ 40000 (€ 46495 $50840),£ 2080000 (€ 2417732 $2643695),,972aeb2a
322,Martin Dúbravka,sk SVK,GK,Manchester Utd,33,£ 40000 (€ 46495 $50840),£ 2080000 (€ 2417732 $2643695),,3a949a25
323,Duje Ćaleta-Car,hr CRO,DF,Southampton,25,£ 40000 (€ 46495 $50840),£ 2080000 (€ 2417732 $2643695),Unverified estimation,94f8d10c
324,Kamaldeen Sulemana,gh GHA,FWMF,Southampton,20,£ 40000 (€ 46495 $50840),£ 2080000 (€ 2417732 $2643695),Unverified estimation,a62f8bf1
325,Bryan Gil,es ESP,MFFW,Tottenham,21,£ 40000 (€ 46495 $50840),£ 2080000 (€ 2417732 $2643695),,7b5ab7f2
326,Emerson,br BRA,MFDF,Tottenham,23,£ 40000 (€ 46495 $50840),£ 2080000 (€ 2417732 $2643695),,df8b52a5
327,Oliver Skipp,eng ENG,MF,Tottenham,21,£ 40000 (€ 46495 $50840),£ 2080000 (€ 2417732 $2643695),,6250083a
328,Sam Johnstone,eng ENG,GK,Crystal Palace,29,£ 40000 (€ 46495 $50840),£ 2080000 (€ 2417732 $2643695),Unverified estimation,9e5708be
329,Tyrick Mitchell,eng ENG,DF,Crystal Palace,22,£ 40000 (€ 46495 $50840),£ 2080000 (€ 2417732 $2643695),Unverified estimation,5cbd1eb0
330,Lewis Cook,eng ENG,MF,Bournemouth,25,£ 40000 (€ 46495 $50840),£ 2080000 (€ 2417732 $2643695),,2afc7272
331,Philip Billing,dk DEN,MFFW,Bournemouth,26,£ 40000 (€ 46495 $50840),£ 2080000 (€ 2417732 $2643695),,d328a254
332,Rasmus Kristensen,dk DEN,DF,Leeds United,25,£ 40000 (€ 46495 $50840),£ 2080000 (€ 2417732 $2643695),Unverified estimation,39769cff
333,Robin Koch,de GER,DF,Leeds United,26,£ 40000 (€ 46495 $50840),£ 2080000 (€ 2417732 $2643695),,ea6bc03a
334,Fabio Carvalho,pt POR,MFFW,Liverpool,19,£ 40000 (€ 46495 $50840),£ 2080000 (€ 2417732 $2643695),Unverified estimation,966e28d0
335,Harvey Elliott,eng ENG,MF,Liverpool,19,£ 40000 (€ 46495 $50840),£ 2080000 (€ 2417732 $2643695),Unverified estimation,b9e1436c
336,Stefan Bajcetic,es ESP,MF,Liverpool,17,£ 40000 (€ 46495 $50840),£ 2080000 (€ 2417732 $2643695),Unverified estimation,32e8417f
337,Frederic Guilbert,fr FRA,RB,Aston Villa,27,£ 40000 (€ 46495 $50840),£ 2080000 (€ 2417732 $2643695),,5d8d7454
338,Danny Ward,wls WAL,GK,Leicester City,29,£ 40000 (€ 46495 $50840),£ 2080000 (€ 2417732 $2643695),,d3ce0e89
339,Harry Souttar,au AUS,DF,Leicester City,23,£ 40000 (€ 46495 $50840),£ 2080000 (€ 2417732 $2643695),Unverified estimation,0a6cb1b1
340,Harvey Barnes,eng ENG,MFFW,Leicester City,24,£ 40000 (€ 46495 $50840),£ 2080000 (€ 2417732 $2643695),Unverified estimation,3ea50f67
341,Fabian Schär,ch SUI,DF,Newcastle,30,£ 40000 (€ 46495 $50840),£ 2080000 (€ 2417732 $2643695),,c8aa95da
342,Jamaal Lascelles,eng ENG,DF,Newcastle,28,£ 40000 (€ 46495 $50840),£ 2080000 (€ 2417732 $2643695),,450ab6fc
343,Armando Broja,al ALB,FW,Chelsea,20,£ 40000 (€ 46495 $50840),£ 2080000 (€ 2417732 $2643695),Unverified estimation,97220da2
344,Gaga Slonina,us USA,GK,Chelsea,18,£ 40000 (€ 46495 $50840),£ 2080000 (€ 2417732 $2643695),Unverified estimation,c55a846e
345,Joël Veltman,nl NED,DF,Brighton,30,£ 40000 (€ 46495 $50840),£ 2080000 (€ 2417732 $2643695),,dad4b285
346,Solly March,eng ENG,MF,Brighton,28,£ 40000 (€ 46495 $50840),£ 2080000 (€ 2417732 $2643695),Unverified estimation,bb5fbd2b
347,Andros Townsend,eng ENG,RW,Everton,31,£ 40000 (€ 46495 $50840),£ 2080000 (€ 2417732 $2643695),Unverified estimation,b28bbd58
348,Emmanuel Dennis,ng NGA,MFFW,Nottingham,24,£ 40000 (€ 46495 $50840),£ 2080000 (€ 2417732 $2643695),Unverified estimation,2c44a35d
349,Remo Freuler,ch SUI,MF,Nottingham,30,£ 40000 (€ 46495 $50840),£ 2080000 (€ 2417732 $2643695),Unverified estimation,98d2c2c4
350,Willy Boly,ci CIV,DF,Nottingham,31,£ 40000 (€ 46495 $50840),£ 2080000 (€ 2417732 $2643695),Unverified estimation,a4ac4b8f
351,Carlos Vinícius,br BRA,FW,Fulham,27,£ 40000 (€ 46495 $50840),£ 2080000 (€ 2417732 $2643695),Unverified estimation,8b529245
352,Kevin Mbabu,ch SUI,DF,Fulham,27,£ 40000 (€ 46495 $50840),£ 2080000 (€ 2417732 $2643695),,493924a7
353,Shane Duffy,ie IRL,DFMF,Fulham,30,£ 40000 (€ 46495 $50840),£ 2080000 (€ 2417732 $2643695),,7314bba4
354,Tosin Adarabioyo,eng ENG,DF,Fulham,24,£ 40000 (€ 46495 $50840),£ 2080000 (€ 2417732 $2643695),,c81d773d
355,Willian,br BRA,MF,Fulham,33,£ 40000 (€ 46495 $50840),£ 2080000 (€ 2417732 $2643695),,8b9ebd03
356,Matías Viña,uy URU,DFMF,Bournemouth,24,£ 38000 (€ 44170 $48298),£ 1976000 (€ 2296845 $2511510),,08eb3b58
357,Jamal Lewis,nir NIR,DFMF,Newcastle,24,£ 38000 (€ 44170 $48298),£ 1976000 (€ 2296845 $2511510),,efb9215a
358,Alex Telles,br BRA,,Manchester Utd,30,£ 37500 (€ 43589 $47663),£ 1950000 (€ 2266624 $2478464),,e73c9bb2
359,Matt Turner,us USA,GK,Arsenal,28,£ 35000 (€ 40683 $44485),£ 1820000 (€ 2115516 $2313233),,4a51ba65
360,Jack Butland,eng ENG,GK,Manchester Utd,29,£ 35000 (€ 40683 $44485),£ 1820000 (€ 2115516 $2313233),Unverified estimation,cc70a1d5
361,Wout Weghorst,nl NED,FWMF,Manchester Utd,29,£ 35000 (€ 40683 $44485),£ 1820000 (€ 2115516 $2313233),Unverified estimation,c4e87b8b
362,Ainsley Maitland-Niles,eng ENG,DFMF,Southampton,24,£ 35000 (€ 40683 $44485),£ 1820000 (€ 2115516 $2313233),,e3a5814e
363,Lyanco,br BRA,DF,Southampton,25,£ 35000 (€ 40683 $44485),£ 1820000 (€ 2115516 $2313233),Unverified estimation,b5bf1770
364,Joel Ward,eng ENG,DF,Crystal Palace,32,£ 35000 (€ 40683 $44485),£ 1820000 (€ 2115516 $2313233),,8a7ff278
365,Jordan Ayew,gh GHA,FWMF,Crystal Palace,30,£ 35000 (€ 40683 $44485),£ 1820000 (€ 2115516 $2313233),,da052c14
366,Will Hughes,eng ENG,MF,Crystal Palace,27,£ 35000 (€ 40683 $44485),£ 1820000 (€ 2115516 $2313233),Unverified estimation,a0666d3e
367,Adam Smith,eng ENG,DF,Bournemouth,31,£ 35000 (€ 40683 $44485),£ 1820000 (€ 2115516 $2313233),,20b104bc
368,Chris Mepham,wls WAL,DF,Bournemouth,24,£ 35000 (€ 40683 $44485),£ 1820000 (€ 2115516 $2313233),Unverified estimation,fed96827
369,Dango Ouattara,bf BFA,MF,Bournemouth,20,£ 35000 (€ 40683 $44485),£ 1820000 (€ 2115516 $2313233),Unverified estimation,2f9e4435
370,Junior Stanislas,eng ENG,MF,Bournemouth,32,£ 35000 (€ 40683 $44485),£ 1820000 (€ 2115516 $2313233),,6992791d
371,Ryan Fredericks,eng ENG,DF,Bournemouth,29,£ 35000 (€ 40683 $44485),£ 1820000 (€ 2115516 $2313233),Unverified estimation,c067631c
372,Maximilian Wöber,at AUT,DF,Leeds United,24,£ 35000 (€ 40683 $44485),£ 1820000 (€ 2115516 $2313233),Unverified estimation,4b803b3c
373,Vladimír Coufal,cz CZE,DFMF,West Ham,29,£ 35000 (€ 40683 $44485),£ 1820000 (€ 2115516 $2313233),,fdf3cb77
374,Álex Moreno,es ESP,DF,Aston Villa,29,£ 35000 (€ 40683 $44485),£ 1820000 (€ 2115516 $2313233),,16e9d0ea
375,Jonny Castro,es ESP,DF,Wolves,28,£ 35000 (€ 40683 $44485),£ 1820000 (€ 2115516 $2313233),Unverified estimation,e28868f3
376,Saša Kalajdžić,at AUT,FW,Wolves,25,£ 35000 (€ 40683 $44485),£ 1820000 (€ 2115516 $2313233),Unverified estimation,15f24fe7
377,Youri Tielemans,be BEL,MF,Leicester City,25,£ 35000 (€ 40683 $44485),£ 1820000 (€ 2115516 $2313233),,56f7a928
378,Dan Burn,eng ENG,DF,Newcastle,30,£ 35000 (€ 40683 $44485),£ 1820000 (€ 2115516 $2313233),Unverified estimation,b2d31e83
379,Jacob Murphy,eng ENG,FW,Newcastle,27,£ 35000 (€ 40683 $44485),£ 1820000 (€ 2115516 $2313233),Unverified estimation,de112b84
380,Javier Manquillo,es ESP,DF,Newcastle,28,£ 35000 (€ 40683 $44485),£ 1820000 (€ 2115516 $2313233),,758dd7f0
381,Paul Dummett,wls WAL,DF,Newcastle,30,£ 35000 (€ 40683 $44485),£ 1820000 (€ 2115516 $2313233),,3fe6bd8c
382,Christian Nørgaard,dk DEN,MF,Brentford,28,£ 35000 (€ 40683 $44485),£ 1820000 (€ 2115516 $2313233),Unverified estimation,df0a4c90
383,Keane Lewis-Potter,eng ENG,FW,Brentford,21,£ 35000 (€ 40683 $44485),£ 1820000 (€ 2115516 $2313233),Unverified estimation,41f08ac8
384,Kristoffer Ajer,no NOR,DF,Brentford,24,£ 35000 (€ 40683 $44485),£ 1820000 (€ 2115516 $2313233),Unverified estimation,a8c0acb7
385,Rico Henry,jm JAM,DFMF,Brentford,25,£ 35000 (€ 40683 $44485),£ 1820000 (€ 2115516 $2313233),Unverified estimation,8a3c1dc7
386,Marcus Bettinelli,eng ENG,GK,Chelsea,30,£ 35000 (€ 40683 $44485),£ 1820000 (€ 2115516 $2313233),,0d85a4e8
387,Tariq Lamptey,gh GHA,DFMF,Brighton,21,£ 35000 (€ 40683 $44485),£ 1820000 (€ 2115516 $2313233),,f4e433d4
388,Serge Aurier,ci CIV,DFMF,Nottingham,29,£ 35000 (€ 40683 $44485),£ 1820000 (€ 2115516 $2313233),Unverified estimation,5c2b4f07
389,Bobby De Cordova-Reid,jm JAM,MFDF,Fulham,29,£ 35000 (€ 40683 $44485),£ 1820000 (€ 2115516 $2313233),,0f7533cd
390,Harry Wilson,wls WAL,MF,Fulham,25,£ 35000 (€ 40683 $44485),£ 1820000 (€ 2115516 $2313233),Unverified estimation,c6dc9ecd
391,Nathaniel Chalobah,eng ENG,MF,Fulham,27,£ 35000 (€ 40683 $44485),£ 1820000 (€ 2115516 $2313233),,422862ea
392,Marquinhos,br BRA,MF,Arsenal,19,£ 30000 (€ 34871 $38130),£ 1560000 (€ 1813299 $1982771),Unverified estimation,59878425
393,Ché Adams,sct SCO,FW,Southampton,26,£ 30000 (€ 34871 $38130),£ 1560000 (€ 1813299 $1982771),,f2bf1b0f
394,Paul Onuachu,ng NGA,FW,Southampton,28,£ 30000 (€ 34871 $38130),£ 1560000 (€ 1813299 $1982771),Unverified estimation,c06d1086
395,Romain Perraud,fr FRA,DF,Southampton,24,£ 30000 (€ 34871 $38130),£ 1560000 (€ 1813299 $1982771),Unverified estimation,6dfd8f05
396,Eberechi Eze,eng ENG,MFFW,Crystal Palace,24,£ 30000 (€ 34871 $38130),£ 1560000 (€ 1813299 $1982771),,ae4fc6a4
397,Jack Stacey,eng ENG,DFMF,Bournemouth,26,£ 30000 (€ 34871 $38130),£ 1560000 (€ 1813299 $1982771),,558807c0
398,Lloyd Kelly,eng ENG,DF,Bournemouth,23,£ 30000 (€ 34871 $38130),£ 1560000 (€ 1813299 $1982771),,f31def1e
399,Ryan Christie,sct SCO,MF,Bournemouth,27,£ 30000 (€ 34871 $38130),£ 1560000 (€ 1813299 $1982771),Unverified estimation,26ce2263
400,Illan Meslier,fr FRA,GK,Leeds United,22,£ 30000 (€ 34871 $38130),£ 1560000 (€ 1813299 $1982771),Unverified estimation,6b625ac2
401,Sam Greenwood,eng ENG,MF,Leeds United,20,£ 30000 (€ 34871 $38130),£ 1560000 (€ 1813299 $1982771),Unverified estimation,f3354c07
402,Ezri Konsa,eng ENG,DF,Aston Villa,24,£ 30000 (€ 34871 $38130),£ 1560000 (€ 1813299 $1982771),,0313a347
403,Jáder Durán,co COL,FW,Aston Villa,18,£ 30000 (€ 34871 $38130),£ 1560000 (€ 1813299 $1982771),Unverified estimation,414184f7
404,Marvelous Nakamba,zw ZIM,MF,Aston Villa,28,£ 30000 (€ 34871 $38130),£ 1560000 (€ 1813299 $1982771),,de5b5570
405,Hwang Hee-chan,kr KOR,FWMF,Wolves,26,£ 30000 (€ 34871 $38130),£ 1560000 (€ 1813299 $1982771),Unverified estimation,169fd162
406,João Gomes,br BRA,MF,Wolves,21,£ 30000 (€ 34871 $38130),£ 1560000 (€ 1813299 $1982771),Unverified estimation,8b57ad2c
407,Alex Smithies,eng ENG,GK,Leicester City,32,£ 30000 (€ 34871 $38130),£ 1560000 (€ 1813299 $1982771),Unverified estimation,bb91617c
408,James Justin,eng ENG,DFMF,Leicester City,24,£ 30000 (€ 34871 $38130),£ 1560000 (€ 1813299 $1982771),,fb614c44
409,Elliot Anderson,eng ENG,MF,Newcastle,19,£ 30000 (€ 34871 $38130),£ 1560000 (€ 1813299 $1982771),,de31038e
410,Karl Darlow,wls WAL,GK,Newcastle,31,£ 30000 (€ 34871 $38130),£ 1560000 (€ 1813299 $1982771),,cde3309f
411,Aaron Hickey,sct SCO,DF,Brentford,20,£ 30000 (€ 34871 $38130),£ 1560000 (€ 1813299 $1982771),Unverified estimation,1780bb4a
412,Mikkel Damsgaard,dk DEN,MFFW,Brentford,22,£ 30000 (€ 34871 $38130),£ 1560000 (€ 1813299 $1982771),Unverified estimation,215f3907
413,Vitaly Janelt,de GER,MF,Brentford,24,£ 30000 (€ 34871 $38130),£ 1560000 (€ 1813299 $1982771),Unverified estimation,8449d35e
414,David Datro Fofana,ci CIV,FW,Chelsea,19,£ 30000 (€ 34871 $38130),£ 1560000 (€ 1813299 $1982771),Unverified estimation,e82900ef
415,James Garner,eng ENG,MF,Everton,21,£ 30000 (€ 34871 $38130),£ 1560000 (€ 1813299 $1982771),Unverified estimation,4e015693
416,Brennan Johnson,wls WAL,FWMF,Nottingham,21,£ 30000 (€ 34871 $38130),£ 1560000 (€ 1813299 $1982771),Unverified estimation,0cd31129
417,Danilo Santos,br BRA,MF,Nottingham,21,£ 30000 (€ 34871 $38130),£ 1560000 (€ 1813299 $1982771),,a816dbfb
418,Gustavo Scarpa,br BRA,MF,Nottingham,28,£ 30000 (€ 34871 $38130),£ 1560000 (€ 1813299 $1982771),,2964fd20
419,Omar Richards,eng ENG,LB,Nottingham,24,£ 30000 (€ 34871 $38130),£ 1560000 (€ 1813299 $1982771),Unverified estimation,f9b1b7bf
420,Orel Mangala,be BEL,MF,Nottingham,24,£ 30000 (€ 34871 $38130),£ 1560000 (€ 1813299 $1982771),Unverified estimation,a572e291
421,Steve Cook,eng ENG,DF,Nottingham,31,£ 30000 (€ 34871 $38130),£ 1560000 (€ 1813299 $1982771),Unverified estimation,3e5e4e63
422,Harrison Reed,eng ENG,MF,Fulham,27,£ 30000 (€ 34871 $38130),£ 1560000 (€ 1813299 $1982771),Unverified estimation,803ae100
423,Josh Onomah,eng ENG,FWMF,Fulham,25,£ 30000 (€ 34871 $38130),£ 1560000 (€ 1813299 $1982771),,6612cd8c
424,Neeskens Kebano,cd COD,MF,Fulham,30,£ 30000 (€ 34871 $38130),£ 1560000 (€ 1813299 $1982771),,18b999f4
425,Tim Ream,us USA,DF,Fulham,34,£ 30000 (€ 34871 $38130),£ 1560000 (€ 1813299 $1982771),Unverified estimation,28b40c9c
426,Tom Cairney,sct SCO,MF,Fulham,31,£ 30000 (€ 34871 $38130),£ 1560000 (€ 1813299 $1982771),,a8748947
427,Máximo Perrone,ar ARG,MF,Manchester City,19,£ 30000 (€ 34871 $38130),£ 1560000 (€ 1813299 $1982771),Unverified estimation,53552942
428,Scott Carson,eng ENG,GK,Manchester City,36,£ 30000 (€ 34871 $38130),£ 1560000 (€ 1813299 $1982771),Unverified estimation,3e1550ee
429,Nathan Patterson,sct SCO,DFMF,Everton,20,£ 28000 (€ 32546 $35588),£ 1456000 (€ 1692412 $1850586),,230f0471
430,Diogo Dalot,pt POR,DF,Manchester Utd,23,£ 25000 (€ 29059 $31775),£ 1300000 (€ 1511083 $1652309),,d9565625
431,Carlos Alcaraz,ar ARG,MFFW,Southampton,19,£ 25000 (€ 29059 $31775),£ 1300000 (€ 1511083 $1652309),Unverified estimation,4abac767
432,Mohammed Salisu,gh GHA,DF,Southampton,23,£ 25000 (€ 29059 $31775),£ 1300000 (€ 1511083 $1652309),,0b33f6ad
433,Roméo Lavia,be BEL,MF,Southampton,18,£ 25000 (€ 29059 $31775),£ 1300000 (€ 1511083 $1652309),Unverified estimation,ecad9aa5
434,Sekou Mara,fr FRA,FW,Southampton,20,£ 25000 (€ 29059 $31775),£ 1300000 (€ 1511083 $1652309),Unverified estimation,3544641e
435,Djed Spence,eng ENG,DFMF,Tottenham,21,£ 25000 (€ 29059 $31775),£ 1300000 (€ 1511083 $1652309),Unverified estimation,9bc9a519
436,Japhet Tanganga,eng ENG,DF,Tottenham,23,£ 25000 (€ 29059 $31775),£ 1300000 (€ 1511083 $1652309),,e9971f2d
437,Nathan Ferguson,eng ENG,CB,Crystal Palace,22,£ 25000 (€ 29059 $31775),£ 1300000 (€ 1511083 $1652309),,2f8d27bc
438,Darren Randolph,ie IRL,GK,Bournemouth,35,£ 25000 (€ 29059 $31775),£ 1300000 (€ 1511083 $1652309),Unverified estimation,6385ebfb
439,Illia Zabarnyi,ua UKR,DF,Bournemouth,19,£ 25000 (€ 29059 $31775),£ 1300000 (€ 1511083 $1652309),Unverified estimation,88968486
440,Liam Cooper,sct SCO,DF,Leeds United,30,£ 25000 (€ 29059 $31775),£ 1300000 (€ 1511083 $1652309),,dc64b8b3
441,Mateusz Klich,pl POL,MF,Leeds United,32,£ 25000 (€ 29059 $31775),£ 1300000 (€ 1511083 $1652309),Unverified estimation,282679b4
442,Flynn Downes,eng ENG,MF,West Ham,23,£ 25000 (€ 29059 $31775),£ 1300000 (€ 1511083 $1652309),Unverified estimation,69fdb896
443,José Sá,pt POR,GK,Wolves,29,£ 25000 (€ 29059 $31775),£ 1300000 (€ 1511083 $1652309),,903b6e8b
444,Victor Kristiansen,,LB,Leicester City,20,£ 25000 (€ 29059 $31775),£ 1300000 (€ 1511083 $1652309),Unverified estimation,-9999
445,David Raya,es ESP,GK,Brentford,26,£ 25000 (€ 29059 $31775),£ 1300000 (€ 1511083 $1652309),,98ea5115
446,Frank Onyeka,ng NGA,MF,Brentford,24,£ 25000 (€ 29059 $31775),£ 1300000 (€ 1511083 $1652309),Unverified estimation,2944f86f
447,Pontus Jansson,se SWE,DF,Brentford,31,£ 25000 (€ 29059 $31775),£ 1300000 (€ 1511083 $1652309),,172e52d8
448,Sergi Canós,es ESP,FWMF,Brentford,25,£ 25000 (€ 29059 $31775),£ 1300000 (€ 1511083 $1652309),Unverified estimation,1137759d
449,Thomas Strakosha,al ALB,GK,Brentford,27,£ 25000 (€ 29059 $31775),£ 1300000 (€ 1511083 $1652309),Unverified estimation,339fe0e8
450,Robert Sánchez,es ESP,GK,Brighton,24,£ 25000 (€ 29059 $31775),£ 1300000 (€ 1511083 $1652309),,6a713852
451,Demarai Gray,jm JAM,FWMF,Everton,26,£ 25000 (€ 29059 $31775),£ 1300000 (€ 1511083 $1652309),Unverified estimation,4468ec10
452,Dwight McNeil,eng ENG,MFFW,Everton,22,£ 25000 (€ 29059 $31775),£ 1300000 (€ 1511083 $1652309),Unverified estimation,fc15fb84
453,Rúben Vinagre,pt POR,DFMF,Everton,23,£ 25000 (€ 29059 $31775),£ 1300000 (€ 1511083 $1652309),,b937e490
454,Tom Davies,eng ENG,MF,Everton,24,£ 25000 (€ 29059 $31775),£ 1300000 (€ 1511083 $1652309),,9228b07c
455,Loïc Bade,fr FRA,DF,Nottingham,22,£ 25000 (€ 29059 $31775),£ 1300000 (€ 1511083 $1652309),Unverified estimation,114bbdee
456,Ryan Yates,eng ENG,MF,Nottingham,24,£ 25000 (€ 29059 $31775),£ 1300000 (€ 1511083 $1652309),,c1fe2a48
457,Antonee Robinson,us USA,DF,Fulham,24,£ 25000 (€ 29059 $31775),£ 1300000 (€ 1511083 $1652309),,289601e6
458,Facundo Pellistri,uy URU,FWMF,Manchester Utd,20,£ 20000 (€ 23247 $25420),£ 1040000 (€ 1208866 $1321847),,ac7e7b1c
459,Gavin Bazunu,ie IRL,GK,Southampton,20,£ 20000 (€ 23247 $25420),£ 1040000 (€ 1208866 $1321847),Unverified estimation,c91441dc
460,Kyle Walker-Peters,eng ENG,DFMF,Southampton,25,£ 20000 (€ 23247 $25420),£ 1040000 (€ 1208866 $1321847),,984a5a64
461,Willy Caballero,ar ARG,GK,Southampton,40,£ 20000 (€ 23247 $25420),£ 1040000 (€ 1208866 $1321847),Unverified estimation,a179d516
462,Naouirou Ahamada,fr FRA,MF,Crystal Palace,20,£ 20000 (€ 23247 $25420),£ 1040000 (€ 1208866 $1321847),Unverified estimation,a6c58494
463,Antoine Semenyo,gh GHA,MFFW,Bournemouth,22,£ 20000 (€ 23247 $25420),£ 1040000 (€ 1208866 $1321847),Unverified estimation,efd2ec23
464,Marcus Tavernier,eng ENG,MF,Bournemouth,23,£ 20000 (€ 23247 $25420),£ 1040000 (€ 1208866 $1321847),Unverified estimation,5c0da4a4
465,Mark Travers,ie IRL,GK,Bournemouth,23,£ 20000 (€ 23247 $25420),£ 1040000 (€ 1208866 $1321847),Unverified estimation,fe558029
466,Adam Forshaw,eng ENG,MF,Leeds United,30,£ 20000 (€ 23247 $25420),£ 1040000 (€ 1208866 $1321847),,9f1938ab
467,Joel Robles,es ESP,GK,Leeds United,32,£ 20000 (€ 23247 $25420),£ 1040000 (€ 1208866 $1321847),Unverified estimation,cda0b317
468,Luke Ayling,eng ENG,DF,Leeds United,30,£ 20000 (€ 23247 $25420),£ 1040000 (€ 1208866 $1321847),Unverified estimation,420d7c7d
469,Wilfried Gnonto,it ITA,MFFW,Leeds United,18,£ 20000 (€ 23247 $25420),£ 1040000 (€ 1208866 $1321847),Unverified estimation,75fdd638
470,Ben Johnson,eng ENG,DFMF,West Ham,22,£ 20000 (€ 23247 $25420),£ 1040000 (€ 1208866 $1321847),,9319781b
471,Cameron Archer,eng ENG,FWMF,Aston Villa,21,£ 20000 (€ 23247 $25420),£ 1040000 (€ 1208866 $1321847),Unverified estimation,05e8ca6d
472,Jed Steer,eng ENG,GK,Aston Villa,30,£ 20000 (€ 23247 $25420),£ 1040000 (€ 1208866 $1321847),,a8a3d139
473,Ludwig Augustinsson,se SWE,DF,Aston Villa,28,£ 20000 (€ 23247 $25420),£ 1040000 (€ 1208866 $1321847),Unverified estimation,9fec8860
474,Léo Bonatini,br BRA,CF,Wolves,28,£ 20000 (€ 23247 $25420),£ 1040000 (€ 1208866 $1321847),Unverified estimation,da23d58d
475,Nathan Collins,ie IRL,DF,Wolves,21,£ 20000 (€ 23247 $25420),£ 1040000 (€ 1208866 $1321847),Unverified estimation,a8c19eb8
476,Daniel Amartey,gh GHA,DF,Leicester City,27,£ 20000 (€ 23247 $25420),£ 1040000 (€ 1208866 $1321847),,1a4ef233
477,Daniel Iversen,dk DEN,GK,Leicester City,25,£ 20000 (€ 23247 $25420),£ 1040000 (€ 1208866 $1321847),Unverified estimation,10d221cd
478,Kiernan Dewsbury-Hall,eng ENG,MF,Leicester City,23,£ 20000 (€ 23247 $25420),£ 1040000 (€ 1208866 $1321847),Unverified estimation,5c74c0f5
479,Ivan Toney,eng ENG,FW,Brentford,26,£ 20000 (€ 23247 $25420),£ 1040000 (€ 1208866 $1321847),,e09f279b
480,Josh Dasilva,eng ENG,MF,Brentford,23,£ 20000 (€ 23247 $25420),£ 1040000 (€ 1208866 $1321847),,60344e4f
481,Mathias Jensen,dk DEN,MF,Brentford,26,£ 20000 (€ 23247 $25420),£ 1040000 (€ 1208866 $1321847),,0f134faf
482,Yoane Wissa,cd COD,FW,Brentford,25,£ 20000 (€ 23247 $25420),£ 1040000 (€ 1208866 $1321847),Unverified estimation,2500cef9
483,Mathias Jørgensen,dk DEN,DF,Brentford,32,£ 20000 (€ 23247 $25420),£ 1040000 (€ 1208866 $1321847),Unverified estimation,0db5d2c8
484,Billy Gilmour,sct SCO,MF,Brighton,21,£ 20000 (€ 23247 $25420),£ 1040000 (€ 1208866 $1321847),Unverified estimation,df10e27c
485,Deniz Undav,de GER,MFFW,Brighton,26,£ 20000 (€ 23247 $25420),£ 1040000 (€ 1208866 $1321847),Unverified estimation,dd549382
486,Giulian Biancone,fr FRA,DFMF,Nottingham,22,£ 20000 (€ 23247 $25420),£ 1040000 (€ 1208866 $1321847),Unverified estimation,de40e38c
487,Harry Arter,ie IRL,CM,Nottingham,32,£ 20000 (€ 23247 $25420),£ 1040000 (€ 1208866 $1321847),Unverified estimation,2f4c5a52
488,Lyle Taylor,ms MSR,FW,Nottingham,32,£ 20000 (€ 23247 $25420),£ 1040000 (€ 1208866 $1321847),,3e80e04e
489,Scott McKenna,sct SCO,DF,Nottingham,25,£ 20000 (€ 23247 $25420),£ 1040000 (€ 1208866 $1321847),,4e5a4cbc
490,Manor Solomon,il ISR,MF,Fulham,23,£ 20000 (€ 23247 $25420),£ 1040000 (€ 1208866 $1321847),Unverified estimation,886f9aac
491,Cole Palmer,eng ENG,MFFW,Manchester City,20,£ 20000 (€ 23247 $25420),£ 1040000 (€ 1208866 $1321847),Unverified estimation,dc7f8a28
492,Pape Matar Sarr,sn SEN,MF,Tottenham,19,£ 20000 (€ 22975 $23030),£ 1040000 (€ 1194681 $1197552),Unverified estimation,feb5d972
493,Armel Bella Kotchap,de GER,DF,Southampton,20,£ 15000 (€ 17436 $19065),£ 780000 (€ 906650 $991386),Unverified estimation,a39d11bc
494,Juan Larios,es ESP,DF,Southampton,18,£ 15000 (€ 17436 $19065),£ 780000 (€ 906650 $991386),Unverified estimation,cf7fb13a
495,Samuel Edozie,eng ENG,MFFW,Southampton,19,£ 15000 (€ 17436 $19065),£ 780000 (€ 906650 $991386),Unverified estimation,007414dd
496,Emiliano Marcondes,dk DEN,FWMF,Bournemouth,27,£ 15000 (€ 17436 $19065),£ 780000 (€ 906650 $991386),Unverified estimation,4d960fc3
497,Kieffer Moore,wls WAL,FW,Bournemouth,29,£ 15000 (€ 17436 $19065),£ 780000 (€ 906650 $991386),Unverified estimation,01ce9e70
498,Crysencio Summerville,nl NED,MFFW,Leeds United,20,£ 15000 (€ 17436 $19065),£ 780000 (€ 906650 $991386),Unverified estimation,df04eb4b
499,Joe Gelhardt,eng ENG,FW,Leeds United,20,£ 15000 (€ 17436 $19065),£ 780000 (€ 906650 $991386),,01962d0d
500,Calvin Ramsay,sct SCO,DF,Liverpool,19,£ 15000 (€ 17436 $19065),£ 780000 (€ 906650 $991386),,d720e834
501,Curtis Jones,eng ENG,MF,Liverpool,21,£ 15000 (€ 17436 $19065),£ 780000 (€ 906650 $991386),Unverified estimation,4fb9c88f
502,Max Kilman,eng ENG,DF,Wolves,25,£ 15000 (€ 17436 $19065),£ 780000 (€ 906650 $991386),,d0f72bf1
503,Ethan Pinnock,jm JAM,DF,Brentford,29,£ 15000 (€ 17436 $19065),£ 780000 (€ 906650 $991386),,e541326e
504,Saman Ghoddos,ir IRN,FWMF,Brentford,28,£ 15000 (€ 17436 $19065),£ 780000 (€ 906650 $991386),,f7b1d4e0
505,Shandon Baptiste,gd GRN,MF,Brentford,24,£ 15000 (€ 17436 $19065),£ 780000 (€ 906650 $991386),Unverified estimation,2886c9b5
506,Facundo Buonanotte,ar ARG,MF,Brighton,17,£ 15000 (€ 17436 $19065),£ 780000 (€ 906650 $991386),Unverified estimation,468a7a91
507,Jason Steele,eng ENG,GK,Brighton,31,£ 15000 (€ 17436 $19065),£ 780000 (€ 906650 $991386),,28300a16
508,Moisés Caicedo,ec ECU,MF,Brighton,20,£ 15000 (€ 17436 $19065),£ 780000 (€ 906650 $991386),,16264a81
509,Harry Toffolo,eng ENG,DFMF,Nottingham,26,£ 15000 (€ 17436 $19065),£ 780000 (€ 906650 $991386),Unverified estimation,a105d46a
510,Jack Colback,eng ENG,MF,Nottingham,32,£ 15000 (€ 17436 $19065),£ 780000 (€ 906650 $991386),,963a9201
511,Joe Worrall,eng ENG,DF,Nottingham,25,£ 15000 (€ 17436 $19065),£ 780000 (€ 906650 $991386),,a5212312
512,Lewis O'Brien,eng ENG,MF,Nottingham,23,£ 15000 (€ 17436 $19065),£ 780000 (€ 906650 $991386),Unverified estimation,089667a5
513,Sam Surridge,eng ENG,FW,Nottingham,24,£ 15000 (€ 17436 $19065),£ 780000 (€ 906650 $991386),Unverified estimation,b017b770
514,Wayne Hennessey,wls WAL,GK,Nottingham,35,£ 15000 (€ 17436 $19065),£ 780000 (€ 906650 $991386),Unverified estimation,76eca7e2
515,Marek Rodák,sk SVK,GK,Fulham,25,£ 15000 (€ 17436 $19065),£ 780000 (€ 906650 $991386),Unverified estimation,17acc2ed
516,Jamal Lowe,jm JAM,FWMF,Bournemouth,28,£ 12000 (€ 13948 $15252),£ 624000 (€ 725320 $793108),Unverified estimation,b2856bc0
517,Rhys Williams,eng ENG,DF,Liverpool,21,£ 10000 (€ 11625 $11660),£ 520000 (€ 604484 $606337),Unverified estimation,012c975a
518,James Bree,eng ENG,DF,Southampton,24,£ 10000 (€ 11624 $12710),£ 520000 (€ 604433 $660924),Unverified estimation,c07b7c5c
519,Malcolm Ebiowei,eng ENG,MF,Crystal Palace,18,£ 10000 (€ 11624 $12710),£ 520000 (€ 604433 $660924),Unverified estimation,fa9fa773
520,Jaidon Anthony,eng ENG,MF,Bournemouth,22,£ 10000 (€ 11624 $12710),£ 520000 (€ 604433 $660924),,e4238fb1
521,Kristoffer Klaesson,no NOR,GK,Leeds United,21,£ 10000 (€ 11624 $12710),£ 520000 (€ 604433 $660924),Unverified estimation,3f70db80
522,Caoimhín Kelleher,ie IRL,GK,Liverpool,23,£ 10000 (€ 11624 $12710),£ 520000 (€ 604433 $660924),Unverified estimation,62d7ef38
523,Chiquinho,pt POR,LW,Wolves,22,£ 10000 (€ 11624 $12710),£ 520000 (€ 604433 $660924),Unverified estimation,dc6c2f02
524,Daniel Bentley,eng ENG,GK,Wolves,29,£ 10000 (€ 11624 $12710),£ 520000 (€ 604433 $660924),Unverified estimation,68db6358
525,Matija Šarkić,me MNE,GK,Wolves,25,£ 10000 (€ 11624 $12710),£ 520000 (€ 604433 $660924),Unverified estimation,a89e7b29
526,Rayan Aït-Nouri,dz ALG,DFMF,Wolves,21,£ 10000 (€ 11624 $12710),£ 520000 (€ 604433 $660924),Unverified estimation,9b398aea
527,Luke Thomas,eng ENG,DF,Leicester City,21,£ 10000 (€ 11624 $12710),£ 520000 (€ 604433 $660924),,fc027d02
528,Harrison Ashby,sct SCO,DFMF,Newcastle,20,£ 10000 (€ 11624 $12710),£ 520000 (€ 604433 $660924),Unverified estimation,b391383a
529,Loris Karius,de GER,GK,Newcastle,29,£ 10000 (€ 11624 $12710),£ 520000 (€ 604433 $660924),,32e7ce92
530,Mark Gillespie,eng ENG,GK,Newcastle,30,£ 10000 (€ 11624 $12710),£ 520000 (€ 604433 $660924),,e32958b7
531,Kevin Schade,de GER,FW,Brentford,20,£ 10000 (€ 11624 $12710),£ 520000 (€ 604433 $660924),Unverified estimation,52afb588
532,Mads Roerslev,dk DEN,MFDF,Brentford,23,£ 10000 (€ 11624 $12710),£ 520000 (€ 604433 $660924),Unverified estimation,57c94db2
533,Jakub Moder,pl POL,CM,Brighton,23,£ 10000 (€ 11624 $12710),£ 520000 (€ 604433 $660924),,f230bc30
534,Jeremy Sarmiento,ec ECU,MF,Brighton,20,£ 10000 (€ 11624 $12710),£ 520000 (€ 604433 $660924),Unverified estimation,ac0d576d
535,Julio Enciso,py PAR,MFFW,Brighton,18,£ 10000 (€ 11624 $12710),£ 520000 (€ 604433 $660924),Unverified estimation,9cfbad36
536,Kaoru Mitoma,jp JPN,MF,Brighton,25,£ 10000 (€ 11624 $12710),£ 520000 (€ 604433 $660924),Unverified estimation,74618572
537,Tom McGill,eng ENG,GK,Brighton,22,£ 10000 (€ 11624 $12710),£ 520000 (€ 604433 $660924),Unverified estimation,4eb2d015
538,Andy Lonergan,ie IRL,GK,Everton,38,£ 10000 (€ 11624 $12710),£ 520000 (€ 604433 $660924),Unverified estimation,165cf989
539,Cafú,pt POR,MF,Nottingham,29,£ 10000 (€ 11624 $12710),£ 520000 (€ 604433 $660924),,85322440
540,Loïc Mbe Soh,fr FRA,DF,Nottingham,21,£ 10000 (€ 11624 $12710),£ 520000 (€ 604433 $660924),Unverified estimation,8f534f8e
541,Tino Livramento,eng ENG,DFMF,Southampton,19,£ 8000 (€ 9299 $10168),£ 416000 (€ 483546 $528739),Unverified estimation,afed6722
542,Ben Pearson,eng ENG,MF,Bournemouth,27,£ 8000 (€ 9299 $10168),£ 416000 (€ 483546 $528739),,a6b461e7
543,Joe Rothwell,eng ENG,MF,Bournemouth,27,£ 8000 (€ 9299 $10168),£ 416000 (€ 483546 $528739),Unverified estimation,10a10454
544,Jordan Zemura,zw ZIM,DFMF,Bournemouth,22,£ 8000 (€ 9299 $10168),£ 416000 (€ 483546 $528739),Unverified estimation,e8271ad9
545,Siriki Dembélé,ci CIV,FWMF,Bournemouth,25,£ 8000 (€ 9299 $10168),£ 416000 (€ 483546 $528739),Unverified estimation,11f54bd5
546,Yerson Mosquera,co COL,DF,Wolves,21,£ 8000 (€ 9299 $10168),£ 416000 (€ 483546 $528739),Unverified estimation,1e159d70
547,Charlie Goode,eng ENG,DF,Brentford,26,£ 8000 (€ 9299 $10168),£ 416000 (€ 483546 $528739),,7aee4dd3
548,Yasin Ayari,se SWE,MF,Brighton,18,£ 8000 (€ 9299 $10168),£ 416000 (€ 483546 $528739),Unverified estimation,f173303a
549,Matthew Longstaff,eng ENG,CM,Newcastle,22,£ 7500 (€ 8719 $8745),£ 390000 (€ 453363 $454752),,c0027d2d
550,Alfie Whiteman,eng ENG,GK,Tottenham,24,£ 7500 (€ 8718 $9533),£ 390000 (€ 453325 $495693),Unverified estimation,3f2587ee
551,Brandon Austin,eng ENG,GK,Tottenham,23,£ 7500 (€ 8718 $9533),£ 390000 (€ 453325 $495693),Unverified estimation,5e253986
552,Alejandro Garnacho,ar ARG,MF,Manchester Utd,18,£ 7000 (€ 8137 $8897),£ 364000 (€ 423103 $462647),,7aa8adfe
553,Lewis Hall,eng ENG,MFDF,Chelsea,17,£ 7000 (€ 8137 $8897),£ 364000 (€ 423103 $462647),Unverified estimation,da011f18
554,Ellis Simms,eng ENG,FW,Everton,21,£ 7000 (€ 8137 $8897),£ 364000 (€ 423103 $462647),Unverified estimation,26d3b5be
555,Finley Stevens,wls WAL,DF,Brentford,19,£ 5385 (€ 6259 $6279),£ 280000 (€ 325492 $326489),Unverified estimation,7e003182
556,Anthony Elanga,se SWE,MF,Manchester Utd,20,£ 5000 (€ 5812 $6355),£ 260000 (€ 302217 $330462),,2fba6108
557,Shola Shoretire,eng ENG,FWMF,Manchester Utd,18,£ 5000 (€ 5812 $6355),£ 260000 (€ 302217 $330462),Unverified estimation,00f0482f
558,Teden Mengi,eng ENG,CB,Manchester Utd,20,£ 5000 (€ 5812 $6355),£ 260000 (€ 302217 $330462),Unverified estimation,91748070
559,Conor Coventry,ie IRL,MF,West Ham,22,£ 5000 (€ 5812 $6355),£ 260000 (€ 302217 $330462),Unverified estimation,a5ca9127
560,Hugo Bueno,es ESP,DF,Wolves,19,£ 5000 (€ 5812 $6355),£ 260000 (€ 302217 $330462),Unverified estimation,bfc3b3a0
561,Joe Hodge,,DM,Wolves,20,£ 5000 (€ 5812 $6355),£ 260000 (€ 302217 $330462),Unverified estimation,-9999
562,Toti Gomes,pt POR,DF,Wolves,23,£ 5000 (€ 5812 $6355),£ 260000 (€ 302217 $330462),Unverified estimation,f0caab96
563,Jan Paul van Hecke,nl NED,DF,Brighton,22,£ 5000 (€ 5812 $6355),£ 260000 (€ 302217 $330462),Unverified estimation,4fd08daa
564,Levi Colwill,eng ENG,DF,Brighton,19,£ 5000 (€ 5812 $6355),£ 260000 (€ 302217 $330462),Unverified estimation,700783e7
565,Eldin Jakupović,ch SUI,GK,Everton,37,£ 5000 (€ 5812 $6355),£ 260000 (€ 302217 $330462),Unverified estimation,1148323a
566,Rico Lewis,eng ENG,DFMF,Manchester City,17,£ 5000 (€ 5812 $6355),£ 260000 (€ 302217 $330462),,b57e066e
567,Alex Mighten,eng ENG,FWMF,Nottingham,20,£ 3462 (€ 4024 $4036),£ 180000 (€ 209245 $209886),,10ec4169
568,James Hill,eng ENG,DF,Bournemouth,20,£ 3000 (€ 3487 $3813),£ 156000 (€ 181330 $198277),Unverified estimation,69942fb3
569,Connor Ronan,ie IRL,MF,Wolves,24,£ 3000 (€ 3487 $3813),£ 156000 (€ 181330 $198277),Unverified estimation,1b804500
570,Evan Ferguson,ie IRL,FW,Brighton,17,£ 3000 (€ 3487 $3813),£ 156000 (€ 181330 $198277),Unverified estimation,4596da74
571,Cody Drameh,eng ENG,DF,Leeds United,20,£ 2500 (€ 2906 $3178),£ 130000 (€ 151108 $165231),Unverified estimation,e0d1510a
572,Chem Campbell,wls WAL,FWMF,Wolves,19,£ 2500 (€ 2906 $3178),£ 130000 (€ 151108 $165231),Unverified estimation,6f711f67
573,Jordan Smith,eng ENG,GK,Nottingham,27,£ 2500 (€ 2906 $3178),£ 130000 (€ 151108 $165231),,cfca9c4e
574,Will Dennis,eng ENG,GK,Bournemouth,22,£ 2000 (€ 2325 $2542),£ 104000 (€ 120887 $132185),,d8edc4be
575,Leo Fuhr Hjelde,no NOR,DF,Leeds United,18,£ 2000 (€ 2325 $2542),£ 104000 (€ 120887 $132185),Unverified estimation,d102b8a2
576,Tyrese Francois,au AUS,MF,Fulham,22,£ 962 (€ 1105 $1107),£ 50000 (€ 57437 $57575),Unverified estimation,6722d4f0
